"ID","y"
1,78.3565176086121
2,92.0731771697027
3,77.6059381024533
4,81.0642519550019
5,112.095373374104
8,91.9463694669393
10,110.677888855964
11,93.7260160005388
12,114.231629859118
14,94.8744736869557
15,112.823203370019
16,105.448788563764
17,92.0306610098777
19,91.9185092198167
20,106.742027072279
21,91.8757872177956
22,114.940876815512
23,104.596195058941
26,93.5257088166399
28,100.426600506573
29,104.596195058941
33,104.596195058941
35,94.4034926376043
41,94.7049610183311
42,94.5244199258012
43,114.163773277411
45,105.582088651179
46,103.713263547092
51,94.5235512328071
53,78.3635244028263
55,112.033448376387
56,94.1140794089732
57,102.875865006863
58,94.6784662796853
59,101.840666487857
63,111.504957916375
64,94.5382921813724
65,103.948736430189
69,94.6210824527515
71,94.8625563454551
72,101.773184282749
73,95.9140425218938
76,100.705608459233
77,111.227459634698
78,119.329088959886
82,96.4936113140283
83,103.948736430189
84,94.4192644624708
85,104.747581949501
87,111.992512658864
88,94.7049610183311
89,112.515774382904
91,94.0484717010257
93,97.879292212121
94,105.844519783786
95,93.2563644071778
96,112.291379953429
97,96.971281593709
98,112.568113888308
99,94.0080359891725
101,102.875865006863
103,112.515774382904
104,93.7164474424643
105,112.242739063382
110,96.1011046168131
111,112.308827458575
113,112.448945460594
114,92.864959981336
115,113.015052769959
117,112.515774382904
120,93.5362736728711
121,111.764801663041
122,94.3951988133339
123,112.665459019292
126,116.164023499165
132,112.156297895286
135,103.263987457423
137,106.922342633872
138,95.8362257965345
140,94.0147277309296
142,111.345311788071
144,116.440317210377
148,94.2102131169958
149,112.007192422563
155,94.2164850287808
156,110.29283232677
157,96.971281593709
162,109.530687590173
163,94.8744736869557
167,94.2757143937487
172,114.163773277411
179,114.313904311144
180,96.1940271351922
181,112.927295048415
182,94.3483475946558
183,112.515774382904
185,112.515774382904
187,112.421894703686
188,94.1059928766189
189,96.6141551934851
191,93.0716011195181
192,111.665290494144
193,94.9027637799008
194,112.147808047637
195,94.5942773825226
196,111.992512658864
198,102.261976016729
199,112.228566801801
201,103.762738721489
204,93.9959674334822
205,103.129246859855
206,92.6207370484916
210,94.3148795698506
211,102.875865006863
216,113.411032277727
219,114.721417300447
220,94.0040224545372
221,112.131935826197
226,112.927295048415
227,91.6548342599271
228,112.318905862674
230,112.362746722225
231,96.971281593709
235,114.304717708015
236,93.5154199488897
238,112.228566801801
242,103.165842121511
243,93.5303520454762
244,78.568202312439
245,112.561184318896
247,113.966706357532
248,94.9496787839306
249,94.189198453605
250,112.156297895286
251,93.5154199488897
253,114.304717708015
254,98.6012409657559
256,93.1257314697576
257,92.9766838789655
258,112.156297895286
259,94.0484717010257
262,78.2620495812588
266,94.5429617442859
267,112.228566801801
272,106.403350113003
273,112.515774382904
275,94.3548635893238
276,115.883849147634
279,94.966982636295
280,103.948736430189
283,93.7612596980033
285,112.995112322897
288,112.515774382904
289,95.519487499885
290,106.509293856143
291,94.1326605981884
292,111.24606291081
293,115.218980150457
296,95.918377997048
297,112.833169272795
298,113.838306609061
299,94.6788582742883
304,93.4911598560137
305,81.8594019965821
306,93.5191518558858
307,114.336375959843
311,116.468540234651
313,112.752456360191
314,90.7984985277143
316,92.2878094107581
324,93.7418475076992
327,94.5220349074078
329,94.0510628164483
330,111.226836224712
337,104.875659009485
338,93.3487578059284
339,104.391860326796
340,92.8699977637006
343,91.8896071274502
345,119.439506895069
346,92.7282256335456
347,113.262988712566
349,111.63409533973
350,92.3280833975149
352,114.750924738284
353,92.6762294844228
354,78.3869107322388
357,93.6300995784549
358,113.505187485585
362,113.360636926533
364,117.835571303483
365,100.844599297314
366,92.3690476060582
367,111.627744822457
368,93.0000058642326
370,78.7807958082848
373,92.6009157054795
377,93.7504932874434
378,111.722584680348
382,100.807477297305
384,112.224024981886
390,92.047625610241
392,111.915717768177
393,112.514492132395
395,93.197593699835
396,103.674190035133
399,77.7412107841664
406,112.752456360191
408,112.752456360191
409,92.8999751151276
410,78.7807958082848
412,112.443505476389
413,92.3742074698529
419,93.1964044158084
420,109.390438321439
421,92.0254801191476
430,104.461735060482
434,93.1990636295376
436,93.7007716574443
437,93.2563485379068
438,92.0158117987302
439,112.099930792276
440,93.0876123445777
443,111.518000980533
446,93.395071036808
448,91.6067400426108
452,94.2360598665399
453,103.486593307971
457,102.875865006863
458,92.862397046454
459,111.352634524563
460,102.791258523284
462,109.465957491353
464,102.841661656319
465,114.783058702873
467,114.757761973349
471,112.156297895286
472,78.4378351600461
473,93.2949337229801
475,93.8015738983376
480,94.265305488996
488,111.193790011734
490,114.336375959843
491,102.791258523284
492,78.0218996660405
493,94.1635145914478
497,93.1983351254456
498,110.922605378422
499,92.9622599581925
500,100.929205780892
501,93.5979715591965
502,112.297265887828
506,78.2620495812588
510,111.595955100536
511,92.7477812456635
512,93.2617217578662
516,94.1578236498607
518,93.6332648589013
519,113.929046128571
521,92.697124352373
522,113.931096094646
526,111.812723211173
529,92.5950097503809
532,111.922269222254
533,92.1537236688745
536,111.905609373047
537,113.852307020381
539,93.5599915847851
540,101.220261266499
541,94.2035434243006
543,93.1257314697576
546,114.151966774996
547,94.0057840049702
548,78.3972461478405
551,94.7596934378816
552,103.51617511925
556,104.289065001576
557,93.4567621058521
558,111.627744822457
559,93.8806016423477
560,102.981712648689
562,106.651769273958
566,93.6793330714426
570,110.922605378422
571,93.2563485379068
572,105.358283026187
573,92.8651557841075
575,114.783058702873
576,112.393814050287
577,94.6168931859282
579,94.0526182909233
580,112.244439023241
581,111.249894668275
589,114.336375959843
591,103.864650437652
593,93.6033407530484
594,101.808999525427
595,93.0974511398671
598,93.2980481550766
602,110.98408460831
604,112.485490919018
606,112.685514052093
608,95.0291007735504
609,102.875865006863
610,92.8819274098349
616,111.935067305967
617,92.4469432175828
618,102.791258523284
620,103.05058432561
622,111.791810962415
623,93.1870755531562
624,93.5035888372658
626,112.156297895286
628,112.175069000499
629,93.259954622641
630,112.630790596057
637,94.5439175783394
638,103.058219010054
643,93.3747127826063
645,94.265305488996
646,113.764065771931
648,93.2778833328483
652,93.5487393543443
653,93.0305688322259
654,110.922605378422
656,112.446593123182
657,89.8059190592466
659,91.892749935956
660,103.053663788407
663,92.1065081857813
664,115.407584678309
666,105.805934844582
668,110.708367315106
669,93.4552106584159
671,96.7561592950223
675,93.7659572238771
677,93.3790891893876
678,115.555154042478
679,102.331428324847
682,93.6033407530484
685,101.877999438016
687,93.5300085932685
688,92.8800808765663
693,111.328059644133
696,95.7984755821962
698,94.1174022328777
701,92.9846549496723
704,103.580214506059
705,116.684994277588
709,112.785874099165
710,92.6908636332227
711,105.495307397141
712,93.5191518558858
714,112.403487459451
715,92.5871943682868
716,112.796810476735
717,91.9774516836477
720,114.258069451825
721,96.4962640308512
724,104.33667010632
725,94.1174022328777
726,115.243270135179
728,111.45095038104
731,94.191277441263
734,103.51617511925
738,93.7538047820998
745,112.1399576931
746,92.1724096105171
751,79.0035797314339
754,93.8815968620328
756,95.9541481394989
758,94.6075034402746
759,112.156297895286
761,112.584409480551
766,93.1324844115151
767,113.271903005123
768,93.5979715591965
769,111.338428417381
770,93.5300085932685
771,78.6102014140778
772,110.047658941752
773,93.2774095923377
774,112.82900790374
776,111.804499352976
777,94.2575796019954
780,114.566069931359
782,101.773184282749
787,106.163323545872
788,94.0935474342404
792,94.1326605981884
793,111.89588168326
798,93.3699220238922
800,94.5787997028527
806,112.796810476735
809,111.759434736028
811,111.910561446959
812,93.5191518558858
814,111.973560028753
816,102.502061462073
817,93.3074600553808
818,112.073675653592
820,114.594360578034
823,93.7467600076196
829,93.8799173316655
830,113.258159012228
831,93.7405529820097
834,113.740220655381
839,93.0974852691142
841,78.187897499054
844,102.791258523284
845,94.1326605981884
848,93.3445993453933
850,92.7332893353158
851,102.621794531165
852,93.2816589080466
854,93.2413819326756
855,95.0904742941929
856,105.474598001732
859,102.875865006863
861,112.82900790374
864,93.9104784653026
865,113.1027116521
866,94.3865775835437
867,94.6648780607355
869,93.6806905266566
871,92.145713662423
872,112.796810476735
882,101.15686563593
883,93.8309489047823
885,93.6724090228526
888,96.4337413814354
893,112.014885340512
901,112.931329765051
903,101.13565478292
904,93.7707017778156
905,98.7436286388401
910,94.3148795698506
911,112.031464877233
914,113.383666794674
918,114.1621354409
921,95.427881009571
928,93.5979715591965
929,103.544241758107
932,91.8880973179911
933,102.323736531704
934,94.3148795698506
935,113.49581697832
937,78.0218996660405
939,95.023532084815
940,101.561122169762
941,94.1355140327213
942,103.17261314117
943,94.2194591506121
944,101.943368578373
947,112.796810476735
949,112.186930241689
951,110.070532493919
952,94.6327553053124
953,101.13565478292
954,78.4280474142723
957,111.68314094159
959,93.6418271033762
960,112.244439023241
963,111.973560028753
965,112.796810476735
967,101.995485631793
971,92.4205485169513
972,77.7460930006199
973,93.5853573313651
974,112.736538297191
975,93.2029111102892
978,114.985054840261
980,111.755619596617
981,96.3604771994723
984,113.67021430649
986,94.3148795698506
988,93.5979715591965
989,110.82718298088
990,105.123183196454
992,112.931329765051
996,93.745259092815
999,112.57962292635
1000,93.9551240429718
1001,113.1027116521
1002,93.5979715591965
1003,111.804499352976
1004,94.2880527616216
1008,112.837177802503
1009,93.2745974237768
1010,108.47565286704
1012,112.358291556055
1013,95.7396825474424
1014,112.408787003354
1015,92.7701572493387
1016,113.85161098784
1019,93.0763565093947
1020,112.44204441148
1021,94.3148795698506
1022,101.552406633316
1024,94.3148795698506
1025,78.4280474142723
1027,94.1174022328777
1028,106.182233385785
1029,93.1953120545221
1030,92.9361453109158
1033,112.736538297191
1036,93.3975849642155
1037,112.053512521714
1038,94.1381921821011
1042,95.023532084815
1043,102.906662995971
1044,94.6784662796853
1045,114.26557940866
1047,112.033448376387
1050,94.4549745625553
1051,111.760366349175
1054,93.7871856881974
1056,96.3604771994723
1057,94.1326605981884
1059,93.7031739760859
1062,104.041264286308
1063,102.963068897879
1064,96.3604771994723
1066,93.624177087724
1070,102.80474357125
1076,114.449901845932
1077,102.311441162645
1078,114.641608635589
1080,114.389274998262
1082,111.579973612606
1083,95.803748382299
1089,112.694480164137
1091,99.9186302777815
1093,95.30909394256
1097,93.9571636213658
1099,93.395071036808
1101,94.8763356112612
1103,94.0256187916238
1104,114.26557940866
1106,111.777355902988
1109,94.0892215591592
1110,119.999851995017
1111,93.8195070006622
1112,113.258831557512
1114,94.5385870977042
1116,94.6283113552926
1117,114.26557940866
1120,93.9351832612155
1124,111.764801663041
1125,99.5718705194739
1126,113.768788287576
1134,112.752456360191
1137,93.1998273317439
1138,112.430720901742
1144,112.747436891004
1145,94.2161304839391
1146,95.0623541027743
1148,92.2105682865221
1150,93.9351832612155
1152,102.885403180538
1153,94.0689526960922
1154,100.176023872613
1155,94.4971228596259
1157,93.8149245424865
1162,94.6683088159624
1165,112.131935826197
1166,92.3127833195466
1167,102.621794531165
1168,93.7939789664669
1169,111.133851634382
1171,114.314869995214
1172,94.8785252403903
1173,111.133851634382
1174,97.4142486813215
1176,94.3477445645693
1177,103.227161610543
1178,94.4874819597898
1182,112.998805910975
1186,94.1326605981884
1187,112.74661670129
1188,93.4463807853607
1189,114.685012854679
1191,99.7504009474504
1192,94.6683088159624
1197,113.668367475897
1198,94.1326605981884
1200,78.4442035810643
1201,96.6066616174502
1203,95.794538277827
1209,114.388324595449
1214,103.149826483845
1218,112.521568200245
1222,96.3551778980035
1226,94.4203483686287
1228,94.9307232374994
1230,95.9971981179405
1232,77.3557554440194
1233,92.9014755745155
1236,111.938988837573
1238,94.6784662796853
1241,112.747436891004
1244,101.355185492008
1246,96.6619621627468
1247,112.296868487421
1250,111.09399906981
1251,93.075998685017
1254,111.54450072434
1255,93.4458196961058
1256,111.86900240618
1257,94.0296492946071
1258,93.2457143158389
1259,113.305298315987
1260,93.103196633674
1263,112.17320134367
1267,76.9038521604233
1268,111.488488481074
1271,93.9702395387429
1272,110.79869458887
1274,106.500568812757
1275,94.6683088159624
1276,111.288433150083
1277,93.9351832612155
1279,95.0623541027743
1281,94.7488801373837
1282,93.4463807853607
1283,112.430720901742
1285,112.745532215267
1286,93.9319964271707
1289,111.861432638645
1296,112.268190126095
1299,93.9351832612155
1301,96.2453326496033
1306,93.8915065319014
1307,92.8040446701197
1308,101.005285580337
1313,111.288433150083
1314,94.6376031451363
1315,119.999851995017
1316,94.0834941674692
1317,114.059726043299
1319,93.9351832612155
1323,94.1326605981884
1324,102.771995605944
1325,93.5979715591965
1328,102.960304964377
1329,93.7467600076196
1330,112.543317748859
1331,93.7443023767991
1332,103.091362478255
1337,96.3683602046657
1338,113.257353695735
1339,94.0484717010257
1340,111.500838669643
1343,113.192853082015
1347,102.58655365002
1348,93.9470243730319
1349,107.811234524517
1352,94.1326605981884
1354,95.8005797081131
1359,112.086978985622
1360,95.7773208438156
1363,112.228566801801
1364,92.0646330686722
1365,102.323736531704
1366,94.4015628999768
1372,94.4204275279043
1375,101.701807318299
1376,96.1887335820792
1378,94.5506753136141
1379,110.834847848499
1380,95.7773208438156
1381,103.436190174936
1384,111.938988837573
1387,116.875162308148
1388,111.918181766683
1392,78.2620495812588
1394,104.303881755142
1395,100.254972555369
1396,112.228566801801
1398,93.6960225195361
1399,112.228566801801
1400,94.0484717010257
1401,93.9966534447593
1403,95.9397494402218
1404,111.930363651292
1406,112.228566801801
1407,94.9233329591078
1408,112.228566801801
1410,78.7788215236359
1412,112.131935826197
1413,93.8149746457783
1415,94.8370702267129
1420,112.228566801801
1422,113.266602725882
1423,103.826686792119
1424,112.228566801801
1425,93.9300160190759
1426,78.7788215236359
1427,93.5979715591965
1429,92.669010748781
1430,111.474419493854
1431,94.7645709077332
1432,101.773184282749
1434,111.217750335272
1437,93.8815227380691
1438,103.994548762261
1440,111.590046834128
1441,112.614558424728
1442,93.7991709277702
1444,113.692327397104
1445,94.296732390343
1446,102.791258523284
1448,90.3761187490744
1453,93.9647732476441
1454,112.131935826197
1455,102.280109537809
1456,112.071743779859
1458,112.131935826197
1459,94.9858667065127
1461,93.8781678636295
1465,116.875162308148
1466,112.686174104616
1469,95.7773208438156
1472,93.9647732476441
1474,94.15273221214
1477,110.206005807893
1479,113.190590279337
1482,93.5805978380812
1483,78.2620495812588
1487,92.979798221655
1488,114.333970921274
1490,111.850970783431
1492,113.487319241205
1494,111.775801118099
1496,102.875865006863
1497,94.6218628060741
1499,96.971281593709
1502,95.0785667455492
1507,109.755476464561
1508,94.1326605981884
1509,112.011257744089
1511,94.6769963499827
1512,113.135238163799
1513,114.783058702873
1514,106.883864460557
1518,112.059666919682
1519,95.2122878075314
1522,112.346721676105
1524,80.6337759749585
1527,93.7991709277702
1529,91.539855975352
1532,101.877999438016
1536,114.547293495314
1537,115.358936128774
1539,103.70422065728
1542,112.035619813178
1543,96.1887335820792
1544,102.791258523284
1545,81.6863152341538
1550,94.8817484543396
1551,111.327276444921
1554,106.534465817778
1556,104.452267346947
1559,94.6444048990233
1560,80.9753310339146
1562,93.9351832612155
1566,95.5263981834722
1567,117.898101102488
1569,102.109088463752
1570,113.49581697832
1571,112.088668440396
1574,94.1326605981884
1578,103.486593307971
1580,93.7404721450729
1583,112.259462412374
1584,94.1326605981884
1585,113.815342703994
1586,95.5109129749907
1587,112.244439023241
1588,94.7776335977686
1590,125.226276710266
1592,104.391860326796
1596,111.856918689722
1598,111.44749455589
1599,94.3658984235225
1604,111.606081899183
1606,102.009542858272
1607,93.8149746457783
1608,103.51617511925
1609,114.375278856241
1611,94.8423589632583
1613,95.0877312111405
1616,96.0394594452081
1619,112.041981002942
1620,91.1867271519003
1621,112.059666919682
1622,95.346889455497
1625,112.894781876981
1627,114.375278856241
1629,111.373921555161
1634,94.5756841242982
1636,94.9969042601732
1638,102.405686071186
1639,96.1388495542777
1641,94.5540846555231
1643,94.5449843761015
1644,108.072058607868
1645,114.620065469862
1646,94.3148795698506
1647,107.021506770558
1648,93.8963198379351
1652,93.7404721450729
1653,112.156297895286
1656,108.016342153409
1658,94.3658984235225
1659,112.237773913119
1661,98.5159633128641
1663,93.8149746457783
1664,112.237773913119
1665,95.052066057964
1666,104.452267346947
1667,104.335721978961
1668,77.5418824808293
1669,102.817366803108
1670,94.1326605981884
1672,111.078274103507
1674,112.915876293191
1677,114.333970921274
1678,94.7060705256153
1679,111.789464893911
1680,94.4541032842098
1683,102.020097335844
1686,101.875954670875
1687,112.059666919682
1689,111.417094167249
1690,93.7540416146366
1691,114.476650297569
1692,112.443505476389
1693,94.1326605981884
1695,95.6500619911093
1696,93.9647732476441
1697,112.237773913119
1700,104.452267346947
1701,92.9772117269894
1702,112.059666919682
1703,94.1326605981884
1704,111.161147599268
1706,95.9568540687177
1707,112.787335954243
1708,94.6650482360709
1710,94.3494251320807
1711,104.358569385527
1713,105.373632213144
1717,102.875865006863
1719,103.486593307971
1720,95.5109129749907
1722,93.8791315776033
1725,102.654474509924
1726,96.8224279452551
1727,114.797173631072
1729,111.233622556712
1730,93.7078452246932
1731,112.244439023241
1733,104.452267346947
1734,94.3601306621421
1735,113.266602725882
1738,95.0877312111405
1742,94.1174022328777
1745,112.915876293191
1747,93.1289104954775
1749,94.342298337884
1751,94.5054149531496
1752,79.067311163395
1753,101.995485631793
1754,95.2981218230415
1755,94.4390524864865
1756,101.91844116342
1758,109.467530564041
1759,95.5405311590729
1760,109.854873689517
1761,115.866764642167
1762,94.5054149531496
1763,110.595366155772
1764,93.4905192504374
1766,92.8331483105866
1768,96.4874950066877
1769,81.5836237327748
1771,112.023064644003
1772,94.3957067985756
1773,105.515321162573
1774,98.9164383439783
1775,112.16930314216
1777,113.151393470922
1779,95.5405311590729
1780,107.825043459466
1787,93.5580796372814
1788,93.9173779838456
1790,94.1448469307942
1796,118.285287308667
1801,93.795267145775
1803,93.8332745690567
1807,111.877606021866
1809,114.682888589436
1812,92.8239121974183
1813,118.847323186215
1814,105.618944363712
1815,113.119028700152
1816,99.1102474239159
1818,94.8226137893943
1820,93.1990636295376
1821,120.647836479809
1822,94.3115572442038
1825,92.0285242103127
1826,104.920469764664
1828,93.9107710930256
1831,102.791258523284
1836,114.836353532606
1837,92.4122375767764
1841,98.130967979945
1844,102.875865006863
1848,94.0574816001898
1851,106.049616136632
1852,94.4659544155437
1853,98.0359947529358
1854,111.950066666279
1856,94.3023196995927
1859,113.764613255495
1860,94.6595095197407
1861,81.7080480115109
1863,104.046836333393
1865,91.7942790929664
1866,110.670355819791
1867,96.8866954368276
1868,93.5924772579891
1872,94.2212825302703
1879,96.9888145399017
1880,104.530430696017
1882,93.2217279390169
1885,107.093323675959
1887,104.595842010385
1888,93.1912213812319
1890,111.542853783743
1894,94.6739565484894
1895,103.921273490458
1896,96.0365345776517
1897,111.922269222254
1900,114.517847802126
1901,94.3473537998942
1902,117.764133556906
1905,94.0127478076464
1906,114.887314575419
1912,102.791258523284
1915,94.239937418184
1916,102.871270598887
1917,95.3836736471129
1918,102.6592084859
1920,79.0664893643551
1923,95.3645905011071
1924,103.709192784547
1925,93.4503914263768
1930,114.749123728819
1932,116.593078764723
1933,97.2115602061821
1934,113.311818172384
1935,93.2617575485928
1940,79.5259684579068
1941,93.9139975567085
1942,110.876555915849
1943,101.245098043277
1944,93.2076754413282
1945,112.932127433989
1948,115.313593916231
1949,94.3749178915022
1952,94.7555604108346
1954,97.3773863036621
1955,110.145068945931
1958,92.6976859085697
1959,78.4165918783837
1960,110.595366155772
1963,94.6757796794844
1965,97.8130919790564
1968,109.054022674492
1969,96.9588022847164
1971,94.6859078938577
1972,114.456537340462
1973,94.7995911572797
1975,94.120566768266
1977,94.8449516144318
1978,105.620343505448
1979,112.092854951203
1981,93.9805087350977
1982,112.183685396725
1987,112.902977411271
1988,93.8798736852331
1993,92.5298440173937
1997,93.8161914680822
1999,97.3852939025236
2001,94.7164472468866
2002,117.111936431305
2003,97.4444631096411
2004,80.4275368706875
2006,113.456543718159
2007,93.258085323192
2009,109.854873689517
2010,94.9885957331134
2013,97.6407754663814
2018,77.6667436318093
2022,105.276094233661
2024,115.852252047145
2025,96.1315936489699
2026,102.871270598887
2030,111.674885763481
2031,94.4192644624708
2032,102.791258523284
2033,94.0051453166378
2035,94.5444879444984
2036,117.661153893845
2037,96.9287106224073
2040,94.6888098983762
2043,111.495412450211
2044,108.144394759714
2046,103.227161610543
2054,112.840381999136
2055,94.2224437240947
2056,107.825043459466
2059,93.5316612475289
2060,94.3473537998942
2062,92.7793382319359
2063,111.77771475997
2066,94.6739565484894
2067,116.45509447121
2072,108.060195607701
2073,115.499309680585
2074,96.0738555957067
2075,114.861305910614
2076,93.3928148268459
2080,94.4606339754972
2082,94.3473537998942
2085,114.707065535404
2087,112.545302045226
2091,111.59828553714
2092,101.422127371348
2093,107.825043459466
2098,91.9295415968371
2101,110.595366155772
2102,96.3575034017412
2103,79.5259684579068
2105,108.557304975271
2106,94.9241321465669
2107,114.513398296767
2110,96.5277430756686
2114,93.6954024635924
2115,110.876555915849
2117,78.1686400131874
2118,94.7831292885093
2119,108.104393674104
2120,94.4508292163226
2122,98.5934578913001
2123,113.445935037613
2126,94.4282041425321
2127,103.587638312994
2128,94.9475471951736
2129,111.926746791854
2132,94.6509823678497
2135,104.081203995316
2138,94.6588865385128
2139,114.749123728819
2141,113.530489825338
2142,93.3610344796179
2146,92.7662056331027
2151,114.292745419938
2157,102.367579298137
2159,112.630091134386
2162,94.8170666551886
2164,116.679522273058
2167,92.9883959672151
2168,112.147808047637
2171,93.7500842089502
2173,96.6951682959187
2174,103.332136580764
2175,93.362072230011
2178,95.0139481105579
2180,95.4592370322643
2185,113.881764749225
2189,93.5101391586212
2190,115.771007446732
2192,103.51617511925
2194,116.190257552938
2200,113.112152454487
2201,95.4469869739113
2203,111.233622556712
2204,94.1554090386925
2205,112.205769319713
2209,111.85277787286
2213,104.729886440604
2214,95.7676023958919
2215,112.71669430162
2216,94.1554090386925
2218,94.3761548592446
2219,103.649090161591
2220,93.9003803652448
2222,92.9852137897832
2223,113.95639794755
2225,112.059666919682
2226,95.9741187338222
2230,94.739391607858
2233,111.217750335272
2234,111.089007050425
2235,94.1554090386925
2236,78.9512006001168
2237,94.2823776161967
2240,115.190530974461
2241,93.6033407530484
2248,102.6592084859
2249,92.715240495323
2250,112.156297895286
2252,112.156297895286
2253,101.050617233894
2254,113.769782113071
2256,79.1913505153351
2258,93.375191099636
2259,111.338428417381
2262,94.412311878681
2265,96.6734378688706
2266,105.077936424917
2269,94.3001913726765
2271,95.022584402628
2273,93.9805087350977
2274,112.857136975202
2275,94.1554090386925
2277,93.1311006636096
2279,94.1554090386925
2280,78.8801380948716
2282,95.4592370322643
2283,102.875865006863
2288,93.8341835063619
2289,111.811066854905
2291,93.3202016359864
2292,118.55724040755
2297,93.9003803652448
2298,104.595047781287
2299,95.2969693541962
2300,112.228566801801
2301,94.6437286442814
2304,94.8056298156006
2305,104.72699917671
2306,94.412311878681
2308,93.0236284273414
2309,111.986227305766
2311,96.810776991464
2312,104.936658473729
2316,102.6592084859
2321,104.0457405169
2322,112.170306629196
2325,102.474498996555
2326,93.5035366589872
2329,118.55724040755
2330,93.1472079285158
2331,104.452267346947
2332,116.077415852036
2333,94.412311878681
2334,103.227161610543
2335,110.758956043675
2337,113.895437319457
2338,95.2358796425832
2340,116.077415852036
2342,105.616407452195
2345,92.8354793877078
2349,93.3435517984179
2351,77.6142589108639
2352,94.0935474342404
2354,113.040882224843
2355,114.609961006019
2357,112.059666919682
2358,94.6784662796853
2360,94.1733083284197
2361,113.040882224843
2364,93.2768455824552
2366,104.949106602042
2369,100.844599297314
2370,93.795267145775
2371,112.131935826197
2373,113.702783123517
2374,94.4549745625553
2376,112.244439023241
2378,112.031698281571
2382,94.9478899330569
2383,94.9522518791927
2386,102.875865006863
2387,92.9255361805407
2389,94.4419977248034
2390,106.770562519363
2392,95.962635948017
2398,116.077415852036
2399,93.5979715591965
2400,110.837414162219
2401,111.492564336091
2402,113.726637531698
2404,94.2919443181453
2407,111.829728766504
2408,113.635866720855
2409,110.793904710605
2412,85.9160757617646
2413,93.1923835721535
2415,94.5787997028527
2420,111.562544834494
2422,94.1326605981884
2423,102.791258523284
2426,94.0421292667014
2432,94.7430130137799
2434,93.1569065187795
2435,93.9445303852407
2436,111.782376500472
2438,111.098328071341
2440,113.021240729766
2443,96.0356362282036
2444,92.8945635870767
2447,102.6592084859
2450,94.0553108534513
2454,93.4398281645698
2455,112.833169272795
2459,94.412311878681
2460,111.926433668399
2463,95.1012131047172
2465,93.8670235655008
2468,76.9038521604233
2469,94.2043474164528
2474,92.3500770233658
2478,93.6761027198953
2480,93.2832525267003
2481,115.190530974461
2489,95.4592370322643
2490,104.929921474351
2492,97.762679758176
2496,94.412311878681
2497,112.073058210764
2500,93.7263574150128
2505,96.8918726925475
2507,92.669010748781
2508,112.205769319713
2509,93.5979715591965
2510,81.0561820523434
2513,93.3049490169359
2515,95.4592370322643
2518,94.9522518791927
2519,111.684341267377
2520,94.9522518791927
2521,113.902501448625
2523,112.497561972748
2525,93.8670235655008
2529,111.157176769033
2530,95.1187677659763
2533,111.853795013085
2535,93.6110302542073
2538,103.312289485751
2544,111.147259284436
2553,112.212436946735
2556,92.9062503666354
2558,92.9672246218396
2559,114.285142763561
2560,92.8595123381091
2561,111.911289159834
2562,92.2904284127725
2563,113.221333217501
2564,93.8542961028142
2565,112.041981002942
2567,102.207958957224
2572,94.4653972868545
2575,92.6659569405455
2576,112.317544576406
2577,92.2858284578396
2578,94.4809889427123
2579,111.997703347981
2580,93.4609326167701
2582,113.048107947383
2583,94.3148795698506
2587,92.4891465619875
2589,113.724289095655
2590,92.8819274098349
2591,111.157176769033
2594,93.517214635547
2597,93.3512968064023
2598,103.058219010054
2599,93.7623390123916
2600,99.664559802084
2602,102.704565697393
2603,94.4653972868545
2604,100.572840491353
2606,112.66240519534
2607,78.3565176086121
2608,102.455324896655
2613,111.979945799961
2614,99.2283847999496
2615,111.22349944587
2617,112.618199175849
2620,94.1390371245069
2623,115.835443586038
2624,93.8791315776033
2627,111.979945799961
2629,78.3565176086121
2630,94.3002360702229
2632,93.3678979647083
2636,94.6247528155071
2639,93.4152188260777
2640,106.069803679405
2642,111.157176769033
2644,103.312289485751
2646,113.858055614561
2647,94.0411026735527
2649,94.2652528785838
2650,106.83955811341
2652,103.058219010054
2653,100.572840491353
2655,103.649090161591
2657,112.228566801801
2659,112.193945183113
2662,90.984265116669
2663,114.900925191279
2664,95.7979600631369
2665,103.784665493338
2670,92.9776155576545
2671,102.791258523284
2672,92.7162374282924
2675,103.058219010054
2677,108.639592793814
2679,112.722014072045
2683,112.711598329872
2684,93.6688208400009
2685,93.1155470811499
2688,103.312289485751
2689,95.4631656390119
2690,104.616397162943
2693,92.3061522260977
2694,112.156297895286
2697,104.367009488909
2699,93.3092887305392
2703,93.7597692385751
2705,100.657446974932
2709,79.0664893643551
2710,93.7761319239361
2711,112.421894703686
2712,93.3747127826063
2713,94.757118395224
2714,111.632342395067
2715,93.5552065434603
2717,92.741309879042
2718,113.048107947383
2720,114.163872317105
2721,94.1390371245069
2726,93.969651997715
2728,94.3034115545887
2731,102.621794531165
2732,111.859975239888
2734,92.2105682865221
2736,100.657446974932
2737,94.0935474342404
2738,100.844599297314
2739,114.354120874937
2746,93.4672873877424
2749,102.791258523284
2751,115.099372571029
2752,101.773184282749
2753,93.9767136170266
2757,102.621794531165
2758,91.8860134147543
2759,111.722584680348
2760,93.4511888899577
2762,110.758956043675
2764,93.0902454756869
2765,111.961415708923
2769,112.470865168303
2771,110.899743389964
2774,93.8638718683941
2776,93.4902209431601
2777,112.375453349829
2778,92.1059378578065
2779,111.691305515051
2782,93.4978929385978
2784,94.0183779556973
2787,91.9705718472686
2789,91.7148292915516
2792,93.5979715591965
2798,94.607327429272
2799,103.51617511925
2800,94.7228534116147
2801,78.0218996660405
2802,92.9956630064843
2804,93.5552065434603
2807,101.773184282749
2808,94.7133934755547
2809,112.047924036786
2811,119.168473974845
2812,93.1257314697576
2814,93.1036375031544
2816,94.8977515154255
2817,112.48939937602
2818,111.038478624701
2820,113.299820777654
2821,79.5716553287201
2822,92.8478540011419
2823,104.665756514339
2824,92.7712695688678
2826,93.6898568479081
2829,107.995738633603
2834,93.4599783234734
2835,81.5307270841294
2838,94.4653972868545
2839,111.491146712258
2840,92.8512861492781
2841,113.166428531214
2842,93.6821604563592
2846,111.093991177782
2848,94.0538408948777
2849,93.0890949681488
2850,111.632342395067
2851,94.2351554852647
2853,91.8955256265325
2854,111.157176769033
2858,112.711501107711
2861,92.8478540011419
2864,87.8457898829801
2865,114.900925191279
2866,111.609321907788
2867,93.4609326167701
2868,113.307371208604
2870,111.716182130083
2877,94.3728911016805
2878,111.979945799961
2880,112.115805971131
2882,77.7412107841664
2883,93.6821604563592
2884,102.875865006863
2885,93.7993481603188
2887,93.6821604563592
2888,113.240252994627
2889,93.9319964271707
2890,102.432621302127
2891,94.1758972505776
2892,112.760795953378
2893,93.6231362481339
2898,112.405309517562
2899,92.0907783821894
2900,116.872435599318
2901,94.8618597962631
2909,93.7760709716676
2910,112.425831782326
2911,112.541800322637
2913,113.784672527268
2914,94.5561151039291
2918,93.7941191938443
2919,114.157201724753
2920,91.6754951567126
2921,111.979945799961
2922,96.129399495825
2923,100.195286789953
2925,111.711936616033
2926,93.4609326167701
2927,112.213079067573
2929,112.919342859342
2933,93.2592633680178
2934,112.815504070997
2936,113.449720884368
2941,105.078919014006
2942,93.3406089392228
2943,111.925229365632
2945,103.901698635935
2950,94.5561151039291
2951,112.718873095393
2953,112.120375513259
2954,93.5874068091361
2955,104.64756563869
2956,94.743013804822
2960,99.1531084012676
2962,93.8004276954306
2963,112.350588393441
2964,102.841661656319
2966,78.5370861546688
2967,94.8744736869557
2968,112.156297895286
2969,93.8477532488031
2971,93.6716239803208
2972,94.178150288455
2974,96.8703781493677
2975,113.008939479172
2977,114.046872937688
2980,114.131816821333
2981,95.6912111267883
2983,96.256019024804
2984,103.51617511925
2985,114.605955298044
2986,103.165842121511
2987,94.178150288455
2989,93.3907514438469
2990,112.112586288407
2991,94.1900224440468
2992,77.7820323960476
2995,101.152357039085
2996,104.197536260864
3002,115.992326568448
3004,111.660519777491
3005,114.978703919318
3006,98.543262914798
3010,96.202414360523
3011,103.916018163829
3014,93.5393709863273
3015,92.3128259234799
3016,94.2310880242584
3017,113.794397014761
3018,93.1363013104273
3021,105.607674365907
3024,101.773184282749
3028,94.4649687564669
3030,93.1927875705732
3032,93.1257314697576
3039,95.2197622299863
3040,108.359218661717
3041,97.7815878000546
3043,94.0939613912923
3044,114.619896251868
3046,112.352792941659
3055,93.0469117664469
3056,113.920508497555
3058,94.743013804822
3059,110.87269303824
3061,115.792520405361
3063,103.605366700372
3066,94.2774647331534
3067,101.773184282749
3068,78.1166503386193
3069,93.3608871136529
3072,113.434154517992
3073,111.54629909496
3074,93.2106228933407
3077,95.2624771446425
3082,93.7995209731597
3084,101.152357039085
3085,112.35278694045
3088,101.773184282749
3091,93.2013153700826
3092,111.253113419443
3093,91.5888768155563
3094,101.13565478292
3096,111.760366349175
3097,92.7906235388217
3098,79.0529546098404
3102,114.472758114265
3106,100.684908486597
3109,97.6090231776906
3111,89.3613854901486
3112,114.978703919318
3113,93.8673342053516
3115,109.230335950488
3116,111.58770140323
3117,94.3658984235225
3121,113.323475566387
3122,93.4059277741907
3123,96.1418702720402
3124,106.395922781012
3125,94.2310880242584
3126,102.875865006863
3127,114.36346850176
3129,94.058848684348
3130,112.672476236403
3132,106.214666468135
3134,112.272640774536
3135,94.743013804822
3137,81.8602222533517
3138,93.2099203669203
3140,96.0213713959528
3144,110.735803171221
3145,96.899905258484
3146,111.54629909496
3147,94.4678917198179
3148,103.185593942224
3149,102.759868376932
3150,113.287958339482
3151,98.0297453866077
3152,94.0503502773789
3155,93.7040149650274
3156,112.090417355925
3159,94.3820704414246
3161,94.0259984253643
3162,102.673152944117
3163,94.0484717010257
3165,102.791258523284
3172,95.6366902428416
3173,119.580575143031
3176,93.0001134096382
3177,103.625668646811
3179,113.008939479172
3183,93.855442689426
3186,94.014168435402
3187,107.071609792343
3189,110.649685519442
3190,94.0557595208956
3192,114.36346850176
3193,95.6366902428416
3194,112.244290106624
3197,96.3888722816918
3198,94.1098336894501
3200,94.2138350351451
3201,114.615377429392
3202,94.1098336894501
3204,95.1163489055324
3205,94.1954748161805
3206,117.695084792489
3208,103.009469213008
3210,105.461802946447
3211,94.6599845048476
3212,115.792520405361
3213,103.259382940523
3214,112.928798419118
3216,102.351411225318
3219,102.851789737862
3220,111.429407455653
3221,93.8673342053516
3226,110.806524703905
3227,97.0797275063086
3228,110.712454084933
3229,93.3167779721988
3232,79.0355886177712
3233,94.1971953107712
3234,94.3286680054588
3236,96.2745987974776
3238,111.931422178328
3239,111.789853307113
3240,95.7230228499246
3247,111.418773616358
3249,102.589457692622
3252,111.078274103507
3253,93.5000371436326
3254,105.167202383323
3255,94.3032180812878
3256,113.674164786571
3257,93.6645606026722
3262,95.2623562856314
3263,102.791258523284
3264,94.743013804822
3266,111.926746791854
3267,95.7603021586982
3269,96.6106295182107
3272,114.605955298044
3274,96.3888722816918
3275,109.416095485372
3277,94.3115572442038
3279,94.7163826894683
3280,106.431606555401
3283,94.7164472468866
3285,95.5792434976173
3287,93.8034305597393
3288,101.773184282749
3290,104.870403682857
3291,90.8832176026625
3298,112.228566801801
3299,93.6565920837892
3302,113.591594305864
3303,94.0196660542714
3304,102.741473597518
3307,91.5093420750199
3309,93.156042052069
3314,78.8503513292961
3316,112.052009244144
3317,97.5758913417084
3319,96.3045072835374
3320,112.228566801801
3321,98.6912069718091
3322,105.282710315703
3324,93.4458196961058
3326,93.4663280167005
3329,112.572499359652
3330,92.4867472990153
3331,112.228566801801
3335,115.928520297268
3337,94.1749259699572
3338,101.146623870401
3339,94.7185176207421
3340,112.031698281571
3341,97.526643154837
3343,92.8014091483054
3346,92.9036307983769
3348,95.076047079332
3351,102.791258523284
3352,115.315060183042
3355,93.4458196961058
3356,112.58954185211
3358,102.817366803108
3359,95.1679989714611
3360,108.706891407302
3371,112.162352252679
3372,93.6821604563592
3374,95.5316945581434
3377,111.922269222254
3378,91.6015238255349
3380,102.791258523284
3382,94.8167147568164
3386,94.3501657933665
3389,113.210740233
3391,104.552584013014
3393,92.6380044474935
3394,102.875865006863
3395,93.8548906749783
3397,112.131935826197
3398,93.8993767208157
3399,78.2620495812588
3400,95.1656592494545
3404,103.096029756634
3407,112.289477920785
3409,109.437433462634
3419,93.5319301939306
3421,93.7292065393848
3425,96.436209296502
3427,76.8176137761765
3428,112.922357690739
3429,111.14675794162
3431,94.3307180639676
3435,95.0418941012321
3436,111.810629230618
3439,93.2099203669203
3441,94.6819716595782
3442,112.922357690739
3443,95.2003554316906
3444,103.312289485751
3445,93.7707017778156
3446,113.294895986662
3449,94.041843116909
3453,93.5979715591965
3457,93.5191518558858
3460,101.773184282749
3461,92.8066910423075
3462,93.1542221444396
3464,101.216459655246
3465,77.6347650544339
3466,99.2092401540575
3467,105.768110644116
3468,93.5249828516243
3469,104.644307499795
3470,103.436190174936
3472,112.147808047637
3473,94.6769963499827
3475,92.6902836288063
3476,112.430720901742
3478,102.6592084859
3479,92.8640996484754
3483,93.5979715591965
3484,102.508269349157
3485,94.4050115874706
3487,92.9941957347763
3488,113.356240023553
3496,112.498666518062
3497,94.1966562994493
3499,94.1389624743459
3500,79.0912657038861
3501,94.1326605981884
3504,94.4194278201757
3508,103.476787341802
3511,93.7939789664669
3512,112.150005980555
3515,94.2360598665399
3517,94.2632350294588
3518,103.312289485751
3526,116.875778868838
3528,113.168944923367
3529,92.1498572804702
3530,113.307371208604
3531,93.5642275891004
3532,115.532886448884
3533,94.4667159734962
3534,94.852555362202
3535,78.3565176086121
3536,94.3643908432422
3537,112.634708378391
3538,93.97879323519
3539,109.117538628212
3540,102.501553094058
3545,112.430720901742
3546,94.0117986730037
3550,102.926268139898
3551,93.437389339946
3553,94.1142397169459
3554,101.773184282749
3557,95.1164651901198
3558,115.351630615638
3559,94.041843116909
3561,95.3990813047129
3562,112.131935826197
3563,91.9046681603503
3564,102.791258523284
3565,93.7707017778156
3567,93.3318098687304
3571,102.791258523284
3572,94.3224209590552
3574,94.6784662796853
3576,96.3928878918959
3577,111.886095869515
3578,94.3286680054588
3579,93.0166142114175
3583,92.9539757312013
3585,94.8880556520743
3586,103.454566789835
3587,112.075539141122
3593,93.341762741722
3594,112.244439023241
3595,93.6975144806055
3599,94.1326605981884
3600,104.064199160828
3601,112.147808047637
3602,94.041843116909
3604,94.5967508160246
3609,114.308969024088
3610,111.930927016467
3612,112.075539141122
3614,113.554534241193
3615,93.8548906749783
3617,93.7769659465847
3618,112.309420900579
3619,113.284941568898
3620,111.922269222254
3621,94.7516527862025
3625,93.221948529288
3626,101.888781817673
3630,103.049595529257
3631,94.5968836375249
3632,107.131163517057
3633,93.9587370349763
3634,114.450690957878
3637,94.6784662796853
3639,93.9875703544093
3640,123.442429837407
3641,93.838940416157
3644,113.391494950847
3645,92.8354793877078
3646,93.2209437542332
3647,93.6332648589013
3648,112.131935826197
3653,112.659685929
3654,105.032566773283
3655,113.245283533804
3659,102.875865006863
3660,96.3253907493053
3662,109.303788893376
3666,93.1990636295376
3668,96.4486258893011
3671,96.3331581034435
3673,93.0698524468315
3674,113.547923324266
3675,95.751023708537
3681,93.6415773627085
3682,112.131935826197
3686,112.209346522504
3687,92.6289907010941
3692,77.1266700582199
3695,113.440290650047
3696,93.7827037858514
3699,111.97423699747
3705,109.277642427987
3707,80.2042351098352
3708,94.1326605981884
3709,112.131935826197
3710,94.0484717010257
3712,97.9215594530541
3715,112.131935826197
3716,93.1598218434227
3720,112.737760908829
3722,80.2042351098352
3726,99.8667879291314
3728,93.4280091362742
3729,113.669931587283
3731,101.773184282749
3735,116.713228001303
3736,94.980732657641
3739,102.875865006863
3741,110.829417681947
3743,102.875865006863
3744,92.7562188121227
3745,114.454638587937
3746,92.9134888701809
3751,93.8719242528749
3753,91.4034024082211
3760,115.244128887236
3761,95.4195992598979
3762,112.359315047201
3763,92.9625400841905
3765,93.7156730533315
3768,115.568722856915
3769,94.5820141357107
3770,102.875865006863
3773,113.10677684161
3774,94.4019327924324
3776,94.2528680047689
3778,93.0434310386626
3779,110.678198448077
3780,92.3336697454069
3781,112.242739063382
3782,92.7068780210538
3783,111.149118083223
3784,92.8704015926195
3786,92.3489225224329
3789,113.395101721093
3790,92.9157492692319
3793,112.177676011503
3795,109.989234876513
3797,92.8403151833189
3798,114.990106403464
3800,111.971780177831
3804,93.5642275891004
3810,93.8056071369646
3815,112.694825988889
3816,93.5642275891004
3818,105.100966451733
3824,110.29283232677
3828,102.944693828045
3830,112.076775074631
3831,92.4396702401426
3832,76.9038521604233
3834,112.090417355925
3835,94.7543852307571
3836,110.988137033462
3838,92.1977699638081
3839,115.780663266822
3840,112.131935826197
3845,93.662001480974
3846,110.211407654613
3847,92.8808627255929
3849,78.0218996660405
3853,112.067295708388
3855,103.859747828959
3856,92.4694406904017
3864,79.5558826656633
3865,92.2684248453442
3866,111.997703347981
3867,93.3315173527079
3868,111.971780177831
3869,93.5191518558858
3871,92.7389725946558
3875,103.409515613734
3876,92.4469432175828
3878,94.213407730378
3879,112.131935826197
3881,111.971780177831
3883,111.037602309763
3884,96.4595372813491
3886,112.339370038986
3890,93.7486424727685
3893,111.695710871994
3897,102.875865006863
3901,91.43801918409
3902,112.533657612905
3913,111.68729619302
3914,93.033532383546
3916,92.5153969578531
3917,112.519636186465
3924,100.91767057222
3925,93.5642275891004
3928,93.32710807088
3929,112.244439023241
3932,88.7098138028376
3933,100.403376499234
3934,80.6063405530148
3935,94.1293518596066
3936,94.6784662796853
3937,110.760545336336
3938,91.8929996012447
3939,112.236845976367
3943,91.8255436174658
3944,113.234260675192
3945,112.568113888308
3946,96.3285962496156
3947,112.167153703674
3948,107.087222781658
3949,112.853015719607
3950,94.1540209443045
3951,112.163853482038
3952,92.2942364613263
3953,113.665514575943
3961,112.940064942624
3962,92.9058861021621
3966,94.0538408948777
3967,101.439791975586
3968,93.8791898979542
3969,111.474375049278
3970,92.1103335470397
3971,102.621794531165
3973,91.007002308368
3974,113.860596225291
3975,113.769782113071
3977,101.877598597712
3979,111.154903077215
3985,93.7602349963708
3986,103.145299417942
3988,111.284034804135
3991,94.3404447591601
3992,102.387617873071
3993,92.0459588185621
3994,102.946929631798
3995,111.810332695648
4005,112.679519517973
4007,93.5317313314153
4008,100.657446974932
4009,94.4071117081184
4010,112.808229305476
4011,77.7307992534333
4012,93.1009765282942
4013,101.69766958621
4015,110.610192435837
4016,111.94693966645
4018,111.971780177831
4025,93.9703262352122
4026,110.151106866702
4028,110.734405349867
4029,93.9587370349763
4031,93.7731961325479
4032,111.204369690895
4033,92.6275059382168
4034,102.25717630428
4037,97.1171011940313
4038,100.657446974932
4039,93.6821604563592
4041,93.5979715591965
4042,112.193945183113
4043,93.6821604563592
4044,100.403376499234
4045,93.379545441523
4046,112.508121181905
4047,93.1117446987627
4048,107.941043948798
4049,93.1439775029866
4051,93.1672964409662
4052,113.498945166051
4058,100.403376499234
4062,112.250909770533
4064,114.781657744825
4067,93.4664184205902
4068,78.4442035810643
4070,93.5616641082305
4072,112.16736665745
4074,113.931096094646
4075,91.199913080185
4076,110.747921661168
4077,93.6821604563592
4078,112.335342132181
4080,100.403376499234
4082,112.866262576237
4085,93.6918820745049
4086,112.624770215407
4088,110.151106866702
4089,93.4218196474684
4092,77.7820323960476
4094,94.0626373555714
4095,113.095436886579
4096,92.4928691887034
4097,103.558534916534
4102,93.5677610092533
4105,112.15402846846
4107,111.997325495511
4111,93.5978255846275
4112,103.210835166319
4113,94.1640938349737
4114,112.644778419912
4115,95.6557838857842
4116,112.674991252526
4117,93.7939789664669
4118,93.7050976437021
4119,113.469308175772
4120,93.5317313314153
4122,78.6843534962826
4125,93.2314179955719
4126,112.228566801801
4129,111.783054613203
4134,115.273205969119
4137,93.0949253939761
4141,99.9038235862244
4142,105.719773632169
4144,93.2099203669203
4145,100.91767057222
4146,94.2684132379217
4150,92.4469432175828
4151,81.6809529693418
4154,93.4664184205902
4156,92.9776155576545
4157,110.874025598794
4159,111.94693966645
4160,92.042673075266
4161,111.979945799961
4168,93.8390546996815
4171,100.657446974932
4172,102.467106076001
4173,93.8548906749783
4175,93.7157541240303
4176,100.403376499234
4177,93.2099203669203
4178,100.657446974932
4179,94.0147277309296
4181,112.011257744089
4183,93.9587370349763
4184,112.531646604344
4185,93.3044816252513
4186,110.884028208136
4188,109.424109306579
4190,113.562284548461
4192,93.6856925391329
4193,111.275322512418
4194,111.922343757629
4195,91.5763403611926
4196,78.5966675238304
4202,94.2194591506121
4203,100.657446974932
4208,95.0116464166639
4209,115.649899549244
4210,94.3977629365253
4211,112.979114484668
4212,114.476650297569
4214,104.336183505176
4215,92.6431648122815
4216,113.420106541991
4217,94.3148175651876
4219,96.7250737526191
4222,110.760545336336
4224,80.1814191000157
4231,104.657507440119
4232,93.9587370349763
4234,92.6405380361101
4236,93.2099203669203
4237,100.403376499234
4240,93.909352984323
4242,99.9037329704005
4243,95.2036864801047
4247,93.8162047077639
4248,112.39780523318
4249,93.4539998040272
4254,103.227683002173
4263,93.5097973809315
4265,110.975109361738
4267,112.469255232412
4268,111.877304860085
4271,111.521695342541
4272,93.508236893147
4273,112.147808047637
4274,92.7389725946558
4276,93.437389339946
4278,93.2778833328483
4280,94.1390371245069
4281,111.636032108843
4283,94.2724744553415
4284,110.382674318433
4285,94.3352749167679
4286,112.403487459451
4287,92.8704189561976
4288,113.466131302572
4289,93.3314479307009
4290,77.8449249522381
4293,93.8056071369646
4296,111.594271537542
4297,93.3398282431734
4299,94.7312371485604
4303,111.835648647204
4310,94.0993305851442
4312,101.773184282749
4318,99.4702115050021
4320,114.358145296501
4322,93.4962484349234
4323,114.238605763399
4325,109.921699694052
4326,113.769782113071
4328,102.668542215644
4330,102.207958957224
4332,112.228566801801
4333,92.9543020787386
4335,93.4183795598073
4336,112.438787105188
4338,109.796254831061
4341,93.2155745603813
4342,104.920596631287
4344,99.4702115050021
4347,93.6821604563592
4348,102.841661656319
4351,109.950479759529
4352,93.5979715591965
4353,112.147808047637
4355,102.237257136076
4356,93.7346319562493
4359,105.857841698496
4360,94.1326605981884
4361,93.1056580936273
4364,93.9134309050131
4365,103.911494644402
4368,94.178150288455
4372,93.4059277741907
4374,93.745259092815
4376,94.4675744815467
4377,102.871270598887
4380,94.6784662796853
4383,102.535975555002
4384,94.1326605981884
4385,102.875865006863
4389,92.615573016621
4391,92.9954624396486
4392,111.691305515051
4393,93.7521203324867
4395,94.7840412749646
4396,112.244439023241
4398,112.815504070997
4399,102.187999254136
4401,93.7260160005388
4406,93.350200576402
4408,102.679168188988
4412,102.841661656319
4415,95.511187757991
4418,111.692207019703
4419,93.745259092815
4420,82.4798095779114
4422,113.051749673366
4423,93.745259092815
4425,93.4807667552231
4428,113.370537627648
4431,112.059666919682
4434,93.7291430458862
4436,93.8548906749783
4437,112.031698281571
4439,116.847186166429
4440,94.313957338847
4441,114.682229912534
4444,93.5300085932685
4445,103.149826483845
4446,95.7934753454027
4447,113.607796011245
4452,103.397649406499
4456,112.059666919682
4457,94.8744736869557
4458,111.618235704183
4460,93.7346319562493
4461,115.451272997641
4462,96.9375398304982
4465,106.540226386904
4466,103.959752766459
4468,93.3962522416113
4469,101.200866112529
4472,113.436753933362
4475,92.8680552483273
4478,94.7951950213609
4479,112.139556145921
4480,93.0626788890658
4483,84.262256945818
4484,93.7024177654383
4485,103.389021547555
4486,95.1160069635806
4488,93.2778833328483
4489,101.319662543057
4490,94.1174022328777
4491,103.522535571872
4492,94.0484717010257
4493,106.312036337374
4494,94.3286680054588
4495,101.995485631793
4498,77.9862429158383
4499,94.4741522554977
4500,101.701770888685
4503,114.780247109171
4505,107.477518202781
4506,93.798514812879
4507,93.5300085932685
4508,99.4702115050021
4510,113.020823696788
4511,94.0855956242157
4513,93.6770708008406
4516,79.067311163395
4519,93.3093016647471
4521,93.4461631483135
4531,93.9685109571291
4532,78.8263394491368
4533,94.4843181946052
4534,114.697258244836
4536,99.4702115050021
4537,94.8744736869557
4539,93.8309489047823
4542,102.791258523284
4545,94.0538408948777
4549,94.6565415045915
4551,94.0281790026201
4554,102.018018918155
4556,111.727128662795
4559,111.488322888195
4561,111.204677992195
4562,111.973523865148
4566,113.959698649283
4569,91.1503892258478
4570,112.244439023241
4573,93.8321719576342
4574,104.640688346742
4575,94.3312615367321
4577,91.7938708296714
4578,112.430720901742
4580,112.620534592934
4582,96.3000906088127
4583,113.051749673366
4585,95.1517139195202
4587,99.4702115050021
4595,94.2194591506121
4596,114.838347511119
4601,95.0760914652345
4602,114.297817805418
4603,93.7939789664669
4605,116.175699568921
4606,93.1284921115001
4607,116.277636963336
4608,93.5979715591965
4610,94.1420070497987
4613,102.031031565784
4617,94.9758475019334
4618,112.228566801801
4619,93.2926841975858
4620,94.1326605981884
4622,103.901295194446
4625,93.7346319562493
4626,99.4702115050021
4627,94.0935474342404
4629,93.3009469077659
4631,91.5766683124674
4633,99.4702115050021
4634,115.193863205248
4635,93.4355406292451
4639,94.4005565668193
4640,103.208602482497
4642,102.784595051824
4644,113.535110645622
4646,99.4702115050021
4647,94.3054544205514
4648,78.8263394491368
4649,93.1490696898399
4650,111.094919989511
4655,94.6565415045915
4660,92.4469432175828
4661,114.672591736176
4662,96.0183140266889
4663,112.295128973827
4665,94.9516820867283
4666,113.091342904299
4667,103.049595529257
4668,96.0995457815442
4670,97.3204229731781
4671,111.037645711491
4672,93.2947589509858
4673,102.875865006863
4675,101.943368578373
4676,94.0484717010257
4677,115.478348185235
4680,94.383385584384
4682,96.4513994936568
4683,110.739567422352
4685,102.841661656319
4686,93.5135698542434
4688,112.147808047637
4690,111.886514340454
4692,112.244439023241
4693,93.0247157576231
4697,97.2825172590527
4700,114.941703122735
4702,112.700723840549
4707,114.192739452803
4708,97.3516557986585
4710,79.4044903175526
4716,103.775500921576
4717,93.0410884420125
4718,94.743013804822
4720,95.4019123185862
4721,77.3107643680268
4723,91.8109852951456
4726,112.022335572794
4727,94.9974009227443
4729,95.1734337807137
4731,92.6447686544124
4732,115.904044750539
4735,92.8040446701197
4736,103.293208966075
4737,94.1174022328777
4738,113.055213792933
4739,112.174125310659
4744,102.875865006863
4747,96.4710661322314
4749,112.436025820658
4750,97.3516557986585
4752,112.147808047637
4755,96.3515908951375
4756,102.791258523284
4757,113.430952501178
4758,93.966709185086
4759,102.791258523284
4763,94.9207714234216
4764,100.279893273531
4765,108.056024951904
4766,92.8377289387135
4767,114.313904311144
4769,105.806887156897
4770,93.902574980675
4771,76.9038521604233
4772,102.875865006863
4774,115.851296257155
4776,121.748376056188
4777,110.390278477847
4778,94.6135255011467
4780,94.2058230048714
4784,93.4548400656057
4786,97.5378603749413
4787,80.6337759749585
4788,100.561618624299
4789,112.147808047637
4791,104.362935917496
4792,95.1914716853497
4795,112.557427273059
4796,93.7582030051125
4803,93.0540810317469
4805,96.3252954688359
4807,94.4946108056901
4809,94.3329913696943
4816,95.8667899003921
4817,77.9638367252045
4818,93.2558400832785
4820,94.014168435402
4821,102.875865006863
4823,112.973796200633
4824,99.8340237942028
4825,114.476650297569
4829,102.973091134845
4830,96.5793659445334
4831,112.237773913119
4833,107.288460538766
4836,103.460966999395
4837,112.147808047637
4838,91.5681931130674
4840,100.30326107335
4841,77.0879804448777
4842,94.3307180639676
4843,112.441761176262
4844,94.0148971450252
4849,106.170631040863
4851,108.082831840074
4852,93.6877462938863
4858,92.1054563817305
4860,96.5793659445334
4863,112.059666919682
4864,94.4270567838538
4865,111.821102876842
4867,114.947582934095
4868,96.6832353454519
4869,113.86541926318
4873,92.2709663711575
4875,97.5016048737306
4876,111.95836477603
4877,94.3058308909384
4878,111.290714949995
4880,77.7307992534333
4886,112.808229305476
4888,102.875865006863
4889,95.3544484047888
4890,113.148072291791
4893,91.9423341794608
4895,92.1021934148593
4896,102.370829185514
4899,92.8625910279078
4901,93.9924272025672
4902,113.179552360132
4903,95.4688864337949
4904,112.147808047637
4910,92.8208773459045
4912,95.0427876791654
4915,93.9702395387429
4916,102.395328676372
4917,93.5072703628538
4920,102.875865006863
4927,103.51617511925
4928,96.710425608835
4931,104.6440085676
4934,94.3885673858894
4936,94.4640000630606
4939,112.177039284419
4942,112.358451995227
4943,94.6683088159624
4944,102.875865006863
4945,94.2498483021481
4947,111.290714949995
4948,94.0134622134937
4951,93.5715584932331
4952,112.147808047637
4953,94.7446160518301
4956,95.4688864337949
4957,112.501489397065
4958,94.6317321357054
4960,93.9297902441321
4968,94.4809889427123
4969,103.925709145187
4971,103.017269631891
4973,125.952779191415
4975,115.83796247041
4976,91.4459112156618
4978,93.9026094476429
4979,111.861733800426
4982,93.2263165057374
4983,111.360941984385
4984,94.1326605981884
4985,114.920612967558
4986,93.3398282431734
4987,112.439941111879
4988,97.0228620028792
4994,100.940811242952
4995,99.1894808551732
5002,78.5406458930664
5004,95.6517085973609
5005,102.675615644126
5006,95.1468246762378
5007,104.304140614389
5009,111.763246350616
5011,125.952779191415
5014,95.6974982001556
5015,103.661947688131
5018,92.0218528869299
5019,113.944633428866
5020,93.9980516412032
5021,112.059666919682
5022,95.7651810168026
5023,94.2409458045585
5025,94.9109391812671
5032,99.8236984182585
5034,94.5904409724025
5036,94.0219818136392
5038,93.7707017778156
5039,111.751763944208
5046,95.7905852515686
5049,113.944633428866
5051,93.6361645503638
5052,93.7134640278963
5053,115.851296257155
5054,98.0695847766909
5055,93.890752324878
5057,94.980732657641
5059,93.2778833328483
5062,102.944693828045
5063,114.399950198873
5065,111.739638817191
5069,91.6989526522083
5071,97.4897420518536
5074,112.4191434073
5075,93.5571478984056
5076,111.502917360442
5077,77.3657881872349
5079,103.317993303804
5080,92.9136666075064
5081,114.100761032358
5083,103.596562413542
5088,103.530536552935
5089,94.8194434788746
5093,111.146397742137
5094,104.115474004342
5095,93.2736975435836
5099,111.882537408426
5101,117.706192653553
5103,103.906496314375
5104,94.2194591506121
5105,112.736538297191
5107,97.350700651339
5108,114.161516131993
5109,93.812590167552
5111,93.9663560670305
5112,112.422002094026
5113,95.6458121790055
5114,112.734745316833
5115,93.689908162385
5118,96.3963246029306
5122,96.2721026381913
5123,78.1817326502495
5125,95.1320142593903
5127,103.674190035133
5128,96.9680032987816
5129,111.754838949229
5132,93.2646526858879
5134,114.849857933455
5135,93.8963198379351
5137,112.430720901742
5142,94.708019264668
5143,105.927726432725
5144,96.2006378826189
5148,93.3190758979616
5149,96.971281593709
5150,104.868851497813
5154,78.9192220227414
5155,94.2691156898362
5159,96.0179752601979
5164,93.4255424507281
5165,117.271489465245
5166,95.3013660923315
5167,115.152353364494
5169,93.3471647814585
5171,94.4030305227933
5172,111.886095869515
5176,94.2919443181453
5184,112.515774382904
5185,93.4458196961058
5186,113.072521241542
5188,112.430725899219
5189,111.936817400783
5190,92.772654485001
5191,117.271489465245
5193,112.059666919682
5196,95.7081138851789
5199,78.0218996660405
5200,105.899781951724
5203,93.3176692702545
5204,108.370986912036
5205,94.1162929308338
5207,94.1326605981884
5208,104.936242187439
5212,94.2444791082961
5214,94.6193525760172
5218,94.4826543402595
5220,95.9138407176796
5222,95.1153672375221
5224,98.8970269865093
5225,102.617748184173
5227,113.377965628737
5229,102.117194501727
5232,94.112448414482
5233,116.5264013704
5234,101.773184282749
5237,112.059666919682
5239,110.393601611824
5240,93.9149904605437
5241,111.860071056566
5244,98.5157552628515
5248,113.748638333913
5251,92.0137304939998
5253,100.099973153949
5255,94.3020002838893
5256,102.617748184173
5257,91.7889147081149
5259,93.636026059903
5260,113.069973536694
5266,93.980672951482
5268,95.5386303855775
5275,112.059666919682
5276,115.628833800481
5277,104.889878014728
5279,94.2240332361979
5280,103.51617511925
5281,94.0555333203373
5283,95.2989164103491
5284,78.6286764101677
5285,96.9157190748227
5286,105.051226040392
5287,92.5064389133912
5289,98.6831934424553
5290,112.059666919682
5292,106.237188574902
5293,94.5408797620183
5294,104.970275448679
5297,96.6600371720705
5299,107.654489211782
5302,95.3310962483955
5305,78.8263394491368
5306,94.1059928766189
5308,95.0248859037382
5309,108.155380995988
5310,114.151966774996
5312,111.222614676386
5316,109.656274963214
5317,95.0092025042249
5319,80.4342848913365
5320,94.3904674258519
5323,93.856514478728
5329,112.734191896554
5331,112.321083094153
5334,113.000673743125
5336,112.698951836603
5338,104.585950175344
5341,93.1881486667989
5345,95.0405191798199
5348,98.3607348666263
5349,111.519681339079
5355,101.578465295999
5356,94.4601795804191
5360,102.131634121804
5362,111.877304860085
5364,112.237773913119
5366,104.170833507596
5367,92.8045524337066
5368,94.2443997866211
5370,93.6345012278033
5371,77.9068935470276
5373,106.027954839214
5375,112.059666919682
5376,94.6003335767163
5378,111.667640010986
5379,93.814494672857
5383,93.7260160005388
5384,100.127738678871
5389,111.886644474391
5391,79.1355817572766
5393,112.515774382904
5395,111.403337964017
5397,112.059666919682
5398,94.0935474342404
5399,111.702712874787
5401,115.322924784952
5402,93.2985451060084
5403,111.14675794162
5404,96.4546926664624
5407,80.658695097416
5408,94.5914107697753
5413,113.433626874044
5414,94.4675744815467
5417,93.7830313981248
5418,106.237188574902
5420,114.743397626662
5421,95.8113761960266
5424,93.7871856881974
5425,108.370986912036
5426,94.9520199360994
5429,115.060347536215
5431,94.0111122277302
5437,100.844599297314
5440,92.1427902781142
5444,101.967775190293
5446,103.262506278275
5447,93.4645981453795
5451,95.0978862984774
5452,102.10431392309
5455,101.773184282749
5456,95.3636335001064
5458,95.4522143534122
5459,112.931529654874
5460,95.8638714794505
5462,95.7773208438156
5463,111.501765313253
5464,94.7517542519344
5465,112.698951836603
5466,96.5793659445334
5467,103.802269043444
5468,93.9641002832649
5469,114.39723015808
5472,94.743013804822
5474,95.7059021821914
5475,115.034473553926
5476,96.9225516018195
5479,102.854541805616
5480,112.059666919682
5482,112.971687798956
5485,98.2750999574054
5486,117.41553820447
5488,81.0570740358525
5495,102.117194501727
5496,94.2910647743119
5497,112.131935826197
5499,115.572982980098
5503,109.702645605474
5504,93.5808607979415
5507,96.4121820480067
5509,95.2535739178274
5511,93.3769948423577
5512,112.228566801801
5516,112.131935826197
5517,101.570179240472
5518,112.047987713173
5521,92.4466076102543
5522,103.51617511925
5527,94.0484717010257
5528,111.682136622301
5529,113.124264721453
5532,93.2832525267003
5533,108.710197409251
5535,103.865131537474
5536,106.20642966502
5540,93.8963198379351
5547,97.3189375593064
5548,113.868512381494
5550,77.0879804448777
5551,94.3363993053062
5554,113.264681485176
5555,93.6007836265925
5559,112.612406617656
5560,95.051724655248
5561,112.634178589957
5562,92.2709663711575
5563,111.774837475197
5565,77.3601392464333
5566,90.5270627364952
5567,105.779163995801
5568,102.591406155421
5572,92.7998732738632
5574,95.2378185475681
5576,94.189367470375
5579,109.794661711829
5580,80.8241020397835
5581,94.2994147619901
5583,93.8914098708627
5584,110.684241847761
5586,112.833169272795
5587,101.911356408193
5589,102.257908126383
5591,103.745644042312
5592,100.424150017134
5593,112.098718490379
5594,92.0383780539704
5595,76.9038521604233
5596,112.736538297191
5597,111.425092454927
5598,116.156978256637
5599,94.7956539836449
5602,116.334955952698
5603,92.0383780539704
5605,116.192197009615
5607,98.1258524269068
5608,112.243737805853
5609,92.6446295144705
5610,93.6521875166071
5612,95.0444523661134
5613,110.830474697679
5614,91.6484185379667
5616,94.3148795698506
5621,93.7049779236985
5623,93.4547202192915
5628,111.537772249358
5629,93.1271738788781
5631,91.8397905925957
5633,96.6832353454519
5638,103.233172272376
5639,94.8031884214578
5640,103.51617511925
5645,95.4183156869111
5646,77.9639947073155
5649,93.8488155870435
5653,111.14675794162
5655,113.228035796477
5656,93.4189251108763
5658,95.3631365864275
5662,114.962425149613
5663,93.9107708397058
5667,94.1811134048475
5670,94.7956539836449
5671,102.875865006863
5672,95.7773208438156
5673,102.791258523284
5674,94.5816368476225
5675,103.886326646476
5676,94.8628609782753
5679,112.228566801801
5683,113.303093476381
5687,93.7893730389623
5688,78.5966675238304
5690,93.8033147160167
5691,112.156297895286
5692,94.6498570675466
5693,112.459228781212
5694,91.3005438481195
5697,112.156297895286
5698,93.9961904321534
5699,112.736538297191
5704,96.1288141018448
5707,112.228566801801
5709,102.875865006863
5710,93.8434236372558
5714,94.8744736869557
5718,92.5879677475167
5721,96.1129094548959
5723,96.0356383665202
5724,107.615160354457
5725,94.0935474342404
5726,114.824006312221
5729,95.4409695323992
5730,112.047987713173
5731,94.6086184723971
5733,82.173956754952
5736,92.7873265106899
5741,102.037242842882
5745,113.111983268682
5747,95.0836840030241
5748,102.195515463172
5750,113.323844876766
5751,93.5186478678805
5752,94.0679523308498
5754,94.2419055697245
5755,94.1155498369334
5757,93.9664461097417
5758,114.685012854679
5760,102.875865006863
5762,103.219459911852
5766,112.455247751131
5768,95.4409695323992
5769,113.717025293954
5770,94.1326605981884
5771,112.515774382904
5772,92.5472833076928
5773,115.360412682974
5774,93.9381318527011
5776,93.9143123934481
5777,112.736538297191
5778,93.4599783234734
5780,111.665855292856
5782,94.9119351661501
5783,81.769521865397
5784,94.4686970049951
5786,112.91250875096
5788,93.5300085932685
5789,112.156297895286
5790,95.6664146489201
5791,103.436190174936
5793,103.05058432561
5794,94.5816368476225
5796,115.908536597722
5797,94.6129760496987
5801,94.0538408948777
5803,93.7893730389623
5804,114.253916765083
5805,92.4327832392154
5806,78.3565176086121
5808,112.839008931696
5813,94.3637388420028
5815,96.2895878941489
5816,96.2770258734671
5822,95.6237601954926
5823,111.130525520697
5825,102.357476366727
5827,111.56850347358
5829,101.798568170561
5830,102.979995104179
5831,111.217750335272
5832,93.9437100586218
5833,112.839008931696
5837,114.919531066014
5838,101.657285932495
5839,92.651892807029
5842,103.51617511925
5844,113.49581697832
5845,102.655679466246
5846,110.29283232677
5848,76.9038521604233
5850,113.287221254941
5851,93.4704562776459
5853,95.4409695323992
5854,102.817366803108
5858,103.51617511925
5860,114.538127120511
5864,105.375292817174
5866,94.8628609782753
5867,112.228566801801
5868,93.7390133372245
5869,118.374263318823
5870,95.2410757398901
5871,111.584626995653
5874,108.953456781441
5876,112.022335572794
5877,94.2581094407214
5878,94.9472773221058
5879,111.074128835622
5880,94.3542992413712
5884,102.303272057368
5886,112.031462137515
5890,110.520936773202
5896,92.5550685759371
5897,102.409611204683
5898,95.4409695323992
5901,103.06530917254
5903,112.156297895286
5906,93.6521875166071
5908,112.43501562874
5909,92.8288724890298
5910,110.830474697679
5911,95.1468246762378
5912,113.784672527268
5914,108.953456781441
5919,112.147808047637
5924,93.8875790877936
5926,93.6231921377329
5929,105.275406891524
5930,93.6033407530484
5932,94.2860225110052
5933,107.320455571273
5934,94.0110938890574
5935,111.548583605021
5936,92.3505063445044
5937,112.308827458575
5938,94.0801485755218
5939,111.978335189327
5942,112.545930269334
5943,94.9043896418733
5944,102.875865006863
5946,112.289477920785
5951,94.9462232226941
5953,102.875865006863
5954,94.8744736869557
5957,107.301768231249
5961,97.156161034174
5962,103.029635826169
5964,78.7788215236359
5965,95.1874596929846
5968,116.73074042295
5969,92.9852137897832
5974,93.4309218671841
5975,111.14675794162
5978,76.9038521604233
5981,104.595012272752
5982,98.4719204033462
5983,113.840678109424
5989,115.732670650512
5991,94.8473138247354
5992,106.796668958894
5995,95.1532830155192
5996,102.387617873071
5997,111.650315773833
5998,94.0538408948777
5999,81.769521865397
6001,111.886514340454
6002,91.9865490129886
6003,109.06008010979
6004,94.8744736869557
6006,112.228566801801
6007,93.7827037858514
6011,104.407964857339
6012,102.791258523284
6014,94.3148795698506
6015,103.058219010054
6016,97.4573888238955
6017,111.341654845208
6018,95.2969693541962
6024,94.3286680054588
6025,103.390380411918
6026,112.932402993247
6028,112.648632351935
6029,77.8389755742245
6030,93.1387991576193
6036,116.73074042295
6040,93.7871856881974
6041,112.131935826197
6042,94.4695118159724
6044,93.5191518558858
6045,102.621794531165
6047,102.621794531165
6048,94.4809889427123
6049,112.443505476389
6051,114.933923124321
6052,110.661554088452
6053,92.8042858295811
6054,111.008381955951
6058,102.98693419066
6059,93.6821604563592
6062,94.5721655330125
6063,114.3849935826
6064,106.742027072279
6065,93.7871856881974
6067,94.3206893761379
6068,112.736538297191
6070,102.875865006863
6071,102.93725062166
6072,112.228566801801
6080,112.228566801801
6081,94.3286680054588
6084,103.570805812298
6087,95.4161069846449
6089,108.060596015697
6092,112.228566801801
6094,94.1984893983898
6095,113.649104030963
6097,111.414657729605
6100,93.969651997715
6104,103.15322571159
6105,94.2817386506794
6106,110.488600236407
6107,80.4196671502285
6108,92.2213337520806
6109,112.228566801801
6110,92.4282647833897
6114,112.228566801801
6116,94.0484717010257
6117,100.403376499234
6118,94.0913878527207
6123,78.1166503386193
6125,113.426392277397
6128,112.083907487497
6130,103.227683002173
6132,111.503708299875
6137,77.7820323960476
6139,110.788281287634
6140,94.5837023323837
6141,111.414657729605
6142,103.227161610543
6144,114.293659351693
6145,93.6033407530484
6146,92.9134888701809
6149,94.0507339552713
6156,105.75265914078
6159,111.922269222254
6160,94.5837023323837
6162,110.166756140112
6164,111.922269222254
6165,93.1367548570705
6168,78.2620495812588
6169,112.664269390676
6170,93.5482017376197
6171,113.784672527268
6172,93.2029111102892
6173,118.687952090098
6176,95.0211431105125
6177,92.9088517927302
6178,92.9194492564274
6180,94.3707856653927
6181,103.409515613734
6182,91.5948335408901
6185,93.0763565093947
6186,112.443505476389
6188,115.985873442187
6189,94.092010860957
6192,103.570805812298
6193,98.404942204288
6194,102.621794531165
6195,94.1268724177352
6196,116.607622593277
6197,94.8744736869557
6201,112.147808047637
6202,96.315000415474
6203,110.059569325225
6204,94.2817386506794
6207,113.687476902836
6209,92.4622492209745
6210,92.5063489132298
6211,113.023745878294
6213,112.107888719693
6216,92.8804596901608
6217,94.2299050164146
6219,94.1326605981884
6222,78.1415245191746
6223,95.3798417626384
6235,95.4128661193389
6240,94.9490477495564
6242,93.8453462586475
6247,94.2419055697245
6251,112.298465325191
6254,112.228566801801
6255,94.0538408948777
6260,103.663586089431
6261,94.3148795698506
6262,100.657446974932
6264,110.501211155832
6269,102.875865006863
6271,104.345758447467
6275,112.236785822242
6276,91.4609943684626
6278,92.6211162839753
6279,111.918181766683
6281,110.521541539565
6284,93.0787069515062
6286,91.4416790014219
6287,79.5558826656633
6288,94.6784662796853
6292,95.1463555802328
6293,94.6784662796853
6295,94.1738608401937
6298,112.228566801801
6300,110.683476206541
6304,102.875865006863
6308,111.635136176526
6310,94.1326605981884
6312,112.228566801801
6320,93.6521265503687
6324,91.5034348532644
6325,112.156297895286
6330,93.3608871136529
6336,112.228566801801
6340,102.056850972629
6341,95.4128661193389
6342,106.157231448262
6344,92.8123961851669
6345,113.891013295433
6347,112.76090036628
6348,93.1094737425882
6349,112.228566801801
6351,77.3261560754471
6353,112.038324271023
6354,93.6033407530484
6357,94.6704108982084
6358,107.313490932851
6360,97.8150436534051
6363,111.861733800426
6364,94.252619666673
6368,109.111353921748
6370,94.3010297796426
6371,93.6033407530484
6377,94.8744736869557
6379,93.7725464847607
6381,95.447789486192
6382,78.2702792243653
6383,114.234323863566
6388,112.485490919018
6390,111.132622536897
6392,102.875865006863
6393,93.2947589509858
6395,92.4578930974675
6398,104.875536976426
6401,78.3565176086121
6402,94.8997435846103
6403,111.760366349175
6405,93.7719021290976
6406,93.1448230498207
6407,112.609607235223
6409,102.841661656319
6411,93.9142885409964
6413,94.1143135093588
6416,103.864650437652
6417,93.4783575028849
6418,93.3202203555701
6419,112.439598261946
6420,113.192902276918
6426,110.592384363568
6429,95.5836640798224
6430,94.0323470362199
6431,111.760366349175
6432,93.7448635563923
6434,93.5307439752359
6437,114.157052957147
6438,93.9319964271707
6439,102.791258523284
6440,93.6821604563592
6441,94.1656594049854
6442,111.390310785427
6443,93.4247644804854
6445,94.6784662796853
6448,111.488488481074
6450,112.053512521714
6453,93.515924630381
6455,93.69446552328
6457,93.2146518134249
6458,112.942733823016
6461,93.4111760711966
6464,112.798150901377
6467,95.515003813125
6469,100.257897233285
6470,78.0218996660405
6471,92.363674369335
6473,102.791258523284
6474,94.2701103442086
6479,93.4111760711966
6481,95.3994901279656
6484,106.373781667135
6495,93.0984728724433
6496,112.746907093489
6505,112.659105310842
6506,94.2770880094466
6508,93.5819426660163
6509,93.855442689426
6510,100.822739204435
6512,102.629059641666
6513,93.2184396345837
6514,112.035619813178
6515,93.0678495445026
6519,94.1206628202198
6521,93.2687302619887
6523,78.187897499054
6525,102.841661656319
6526,92.7389725946558
6528,93.9494978046713
6529,110.470371514719
6531,102.875865006863
6533,105.180137028961
6534,95.9839556009246
6535,111.288433150083
6536,92.334786710955
6537,112.259462412374
6540,93.2395374827755
6541,114.234323863566
6547,94.1152571365673
6548,110.879913127675
6551,111.827168618023
6553,113.618736448392
6555,102.619572078853
6556,93.5704725418908
6561,76.9038521604233
6564,92.3260190986765
6565,111.288433150083
6568,93.5979715591965
6569,111.390310785427
6573,110.574029889583
6574,92.7057576204387
6577,112.358451995227
6579,112.131935826197
6581,93.2947589509858
6582,111.575920899093
6585,94.420740168236
6586,93.2029111102892
6589,103.51617511925
6590,78.0218996660405
6593,94.5218839428125
6594,111.608540595203
6595,93.3890254475845
6599,94.7539803941471
6600,93.6084479407144
6601,112.594126206517
6602,94.3905480668617
6603,111.488488481074
6604,95.0807829184195
6607,103.227683002173
6608,103.6413320024
6609,94.1326605981884
6611,91.6321596341876
6613,111.390310785427
6614,94.4049665151832
6616,107.166764570444
6617,111.390310785427
6618,92.8987168368621
6619,102.508269349157
6621,102.619572078853
6627,104.729886440604
6629,112.580906656265
6631,76.9038521604233
6634,93.754822184026
6636,93.0247157576231
6638,93.5979715591965
6639,111.390310785427
6641,111.64760382536
6642,93.94276741489
6651,114.14282635563
6654,78.0218996660405
6657,94.5248904905019
6663,93.8203405716194
6665,111.466467852399
6666,93.2446873799635
6668,93.2019763604475
6669,102.070382208607
6670,93.2832525267003
6671,93.8653010033739
6673,94.103506075844
6675,93.1698771134687
6676,77.3261560754471
6677,94.3286680054588
6679,93.0247157576231
6680,113.587804007038
6681,100.822739204435
6685,100.339800791858
6688,92.4735191442741
6689,93.3890254475845
6690,110.873945609361
6692,111.390310785427
6693,94.1406394473014
6694,94.1328447014529
6698,116.334465913518
6699,93.6033407530484
6700,112.53223566401
6701,93.2146518134249
6702,112.923694611221
6704,93.3890254475845
6707,113.918114275366
6712,111.488488481074
6713,94.9617139302863
6715,94.8214191832084
6721,111.865576659024
6722,93.5979715591965
6723,111.695226673662
6724,95.4411954820824
6725,112.439598261946
6731,113.08535848248
6735,79.5460638956719
6736,93.6659860198123
6737,113.880053671703
6738,106.279262605749
6739,100.844599297314
6741,100.844599297314
6743,92.529154242642
6745,93.2019763604475
6747,110.876555915849
6749,93.4889462404389
6750,103.227683002173
6751,111.154890429156
6752,94.7776708991004
6753,111.390310785427
6755,112.228566801801
6756,92.9125343822378
6757,102.791258523284
6759,110.912401240945
6761,92.2778951243235
6763,92.363674369335
6764,114.476657553561
6765,93.9378006529731
6766,112.732376928136
6768,113.099444950625
6771,93.3890254475845
6773,93.1324844115151
6774,95.7163574860168
6778,101.943368578373
6779,95.2642091714514
6781,92.6986619510425
6784,93.9848898199124
6786,94.2679199498815
6787,112.580944851899
6790,93.3107742183346
6793,100.279893273531
6795,112.549187962591
6798,112.031464877233
6806,96.8554365206945
6807,94.0538408948777
6810,93.9422755322156
6815,113.018130915865
6816,93.2947589509858
6817,105.263823742091
6818,94.7956539836449
6819,103.663586089431
6820,94.7206277006043
6822,92.9593477325251
6823,112.011284240216
6824,112.931329765051
6825,92.7599199467076
6828,79.0945303098851
6829,112.029253399625
6831,112.411739657327
6832,92.8999751151276
6833,112.815504070997
6834,94.0935474342404
6836,93.6821604563592
6837,112.910397183776
6838,93.5114422064943
6840,100.572840491353
6843,93.3247428291214
6845,92.8999751151276
6846,93.0342245154751
6847,112.718873095393
6851,112.894781876981
6852,92.8074476925393
6853,112.259462412374
6858,93.2806439745908
6861,112.156531993925
6863,112.899308246255
6864,78.5966675238304
6865,91.8900739453819
6866,111.922357066229
6867,94.1605568599624
6868,103.227161610543
6869,92.9862251464946
6870,112.931329765051
6874,110.561138885721
6875,93.6901393054722
6877,111.143500682592
6878,93.475472164966
6880,95.545951643944
6883,112.273945032313
6884,92.5560996962448
6886,93.2947589509858
6890,93.4784919769007
6893,111.516683545589
6894,93.6084479407144
6899,111.143500682592
6900,93.516340652175
6904,93.2055511309153
6905,113.511756349981
6906,92.446490033224
6910,93.3445081614626
6912,100.929205780892
6913,110.694956675797
6920,92.6387470854533
6922,94.8463075837789
6923,112.549187962591
6926,94.2360598665399
6927,112.485057403028
6928,93.0876123445777
6931,113.374663605049
6933,94.4124436751444
6936,90.6130333015316
6937,112.327309283122
6939,113.324797385067
6941,94.2113625767378
6942,114.853315963803
6943,94.1572971797285
6944,103.559716688513
6945,92.340357650697
6946,116.436639466017
6947,114.908094313621
6949,100.657446974932
6951,100.279893273531
6953,112.260725722343
6954,95.0686262069938
6955,112.629699227094
6963,112.828927552953
6964,94.0291318312956
6966,94.0484717010257
6968,93.0763565093947
6970,99.9219533969152
6972,106.74902437166
6976,112.322263034686
6978,111.922357066229
6981,102.537188047587
6985,97.9832277652312
6986,91.6739411210728
6987,112.818465961769
6989,112.121351011723
6991,112.011284240216
6993,112.259462412374
6994,93.9361565750295
6995,113.067704789966
6996,93.9470243730319
6997,112.156297895286
6998,78.5406458930664
7001,112.071011679873
7003,111.883252477899
7006,95.2196370676828
7008,105.545040328099
7010,92.9659378544165
7011,94.3874396352766
7012,111.556165274858
7013,94.6714862302614
7014,110.942579243958
7017,95.267535815059
7018,94.8137338763771
7019,92.8999751151276
7023,95.2150301008222
7024,100.657446974932
7025,93.5317313314153
7026,113.305298315987
7027,93.849393278986
7028,113.562156230255
7030,112.549187962591
7031,93.493803450532
7033,113.402496357492
7036,93.831392751701
7037,93.3566170443518
7039,91.5849540401686
7044,95.5129392203379
7045,112.910397183776
7046,109.423487630716
7049,100.999772336378
7050,93.4058634160755
7051,99.9219533969152
7054,111.585873814925
7055,93.2977037840027
7057,92.669010748781
7060,111.143500682592
7061,93.7572046412823
7063,93.7638585759995
7064,111.949213358268
7067,95.545951643944
7071,93.2692260174516
7074,102.508269349157
7075,94.0848658901376
7078,112.910397183776
7079,91.3808812365022
7080,112.08215817895
7081,92.5553254798723
7082,112.163853482038
7083,92.6253350178448
7085,109.802505091808
7092,103.058219010054
7094,94.0178903648483
7100,93.1363013104273
7101,111.408778383091
7102,111.922357066229
7104,114.079080928743
7105,93.7572046412823
7106,91.7918857789335
7107,100.176023872613
7108,78.5111856715374
7109,94.0981003083724
7110,112.327309283122
7112,93.8320576452387
7113,100.279893273531
7114,94.490686690653
7116,113.295189705372
7117,94.1390371245069
7118,99.7459422518003
7120,94.233698662414
7121,103.227161610543
7123,99.166701322465
7124,92.9255361805407
7127,106.282313396266
7131,99.166701322465
7132,94.7956539836449
7133,92.4201925673259
7134,111.798483683422
7135,91.9705718472686
7136,106.336411778859
7137,93.9451646522356
7141,93.3754517954511
7144,103.663586089431
7147,112.706908576816
7148,89.6483666704588
7150,92.9818798663763
7151,94.233698662414
7152,101.82555153784
7154,92.2709663711575
7156,94.6740374990476
7157,100.0224996787
7159,115.124110835299
7161,94.3887547782359
7163,92.8512861492781
7164,97.2356715761561
7167,77.9925457195931
7169,106.742027072279
7170,93.3518664181901
7173,93.2832525267003
7174,102.875865006863
7177,111.288829012468
7178,104.659634815573
7179,93.5915263338683
7180,76.9038521604233
7181,112.838797443241
7182,92.2569444086838
7184,93.8775367290217
7185,112.156297895286
7186,91.8855170361784
7187,113.784672527268
7188,93.870168257199
7189,113.665563623115
7191,103.312289485751
7193,112.088533351823
7197,92.6202078626228
7199,91.6552721570332
7200,112.163853482038
7201,91.9705718472686
7204,93.8615416527463
7207,111.188404702276
7209,112.899308246255
7210,94.6784662796853
7211,105.574477331756
7213,91.9021228157652
7214,112.156297895286
7216,111.043583691746
7217,92.4924978368653
7220,112.457925921932
7224,112.549187962591
7225,94.0788281864224
7226,111.043583691746
7227,93.1837334745068
7234,112.156297895286
7236,80.4865086333447
7239,100.657446974932
7240,93.7539916203094
7242,112.059666919682
7244,111.752869144708
7245,93.1037099823442
7247,110.869921420395
7248,93.4214644611201
7249,116.067700715372
7250,111.545636566981
7251,94.3834842924697
7252,113.800544748708
7253,78.2620495812588
7256,93.587039019956
7260,95.058883425474
7261,113.322530953839
7264,93.8914098708627
7269,105.902777579657
7270,93.2522705482987
7273,111.157176769033
7279,93.4352644547906
7281,112.228566801801
7284,92.8198049120691
7285,112.833169272795
7286,114.08929544744
7287,94.105331978455
7289,92.9271067079825
7292,92.0146558187988
7293,111.360851307094
7296,92.3311485167795
7297,111.896801155686
7298,93.1983351254456
7299,108.88534371891
7301,100.844599297314
7304,117.263167559737
7306,111.922269222254
7308,92.9271067079825
7309,98.8418038469243
7312,92.1050347030249
7313,78.2620495812588
7314,93.1795079416332
7316,93.1383865873066
7319,111.425092454927
7321,92.3654371403826
7323,93.3804344997478
7324,100.657446974932
7325,94.1397222175
7328,96.8554365206945
7330,78.0218996660405
7334,94.1397222175
7337,111.780204718627
7338,93.2130327920166
7339,94.5142013790754
7341,92.528044224411
7342,112.156297895286
7344,113.308399599671
7345,112.23506481263
7347,113.952602534249
7349,112.228566801801
7350,95.3505439708678
7353,112.718873095393
7355,112.489594588682
7356,94.8736057446075
7357,112.083917585362
7358,93.1154628188086
7360,93.0236284273414
7363,101.971717022403
7364,93.5096215826196
7366,92.7701572493387
7368,93.9003803652448
7369,111.277202182144
7370,94.8033704553235
7373,93.382864265397
7374,111.934090257317
7375,92.0368573792947
7377,94.6975647859944
7379,91.9072974711743
7380,112.907048307286
7382,111.371138424307
7383,93.5487959335295
7385,90.1144470363942
7386,102.423662865578
7391,93.0340792729256
7394,104.094827255278
7396,111.545636566981
7397,94.2819932612328
7399,94.6975647859944
7400,105.051226040392
7403,78.2620495812588
7405,113.3701710819
7408,111.940460483238
7414,113.587804007038
7416,97.5936114527721
7417,94.2724744553415
7419,92.9818798663763
7420,92.7834317926753
7421,93.5106969491316
7422,94.0915394701732
7423,101.240501772656
7425,78.7634298162155
7430,95.3238550067616
7432,93.5191518558858
7433,95.9627447227684
7434,112.754018564403
7436,112.815504070997
7437,92.2606304713262
7438,100.657446974932
7440,102.875865006863
7441,93.6038955093099
7442,112.326702863604
7445,112.441761176262
7446,105.263823742091
7448,112.439172512546
7450,95.743127642243
7451,93.1990636295376
7454,110.235795449393
7455,92.9058012530876
7457,112.172170116726
7459,97.8689393010426
7462,93.5610442894248
7464,93.1990636295376
7465,111.342713619509
7466,94.3280805215908
7467,112.295128973827
7469,111.659205268996
7472,94.4087639668577
7473,111.000244416922
7479,94.1397222175
7480,100.572840491353
7484,111.212920250997
7491,93.8245617539359
7494,102.796513849913
7495,93.2147108220232
7501,93.382864265397
7503,94.1656510733736
7504,100.807477297305
7505,91.8063357576465
7508,113.264681485176
7509,92.6022886025456
7510,78.2620495812588
7511,108.743939251683
7515,95.2959459476841
7516,103.51617511925
7517,93.4461631483135
7518,102.817366803108
7519,93.2851564527226
7521,94.1804876454843
7522,102.875865006863
7524,105.69090001662
7526,100.657446974932
7527,92.5811543442977
7528,100.657446974932
7529,94.1748330999834
7534,108.93624137812
7537,112.818719525516
7538,93.8908392513839
7540,91.4917156013397
7541,114.151966774996
7545,117.62530490254
7551,112.4191434073
7553,94.2107351382
7554,100.279893273531
7555,94.7092935374675
7561,112.059666919682
7562,92.8281946123315
7564,95.1421319678629
7565,102.875865006863
7566,93.3907514438469
7567,114.461763061627
7569,100.279893273531
7570,92.4622492209745
7571,117.709272610591
7572,93.07708172423
7574,102.973091134845
7578,112.826912010714
7579,93.8029372651798
7586,92.7389725946558
7587,77.7596262054139
7590,93.8444286525918
7593,111.000244416922
7594,93.0376899881375
7595,93.3907514438469
7600,93.4177294547407
7601,79.5558826656633
7602,94.0238764487875
7603,112.222927248731
7604,94.0076886924652
7606,93.4315532312466
7608,111.89588168326
7613,78.5370861546688
7615,112.742455332234
7616,112.333416797846
7617,116.386373576635
7618,92.5811543442977
7619,101.219052871733
7622,95.4448007609898
7623,103.227683002173
7624,95.0116464166639
7625,100.929205780892
7626,93.4218196474684
7627,101.355185492008
7628,79.8905006082349
7631,102.207958957224
7632,101.773184282749
7633,93.8518195577634
7634,112.280906307205
7635,93.3390115030778
7636,111.81133721389
7637,111.81133721389
7639,93.3759400124399
7640,78.5966675238304
7644,112.895764727771
7645,92.4754747530532
7648,100.657446974932
7649,95.0229460113186
7650,119.54363803436
7652,111.342713619509
7653,92.8545457848085
7655,96.1090331726445
7659,112.839008931696
7662,92.6659569405455
7664,93.8598820694459
7666,95.0358508192438
7668,92.8973861082194
7669,108.156932610131
7670,91.2143791498237
7672,92.4939989261765
7673,111.146075508252
7678,93.4931164371518
7679,78.0218996660405
7680,102.407577576159
7683,91.6905376107169
7685,114.08929544744
7688,93.5191518558858
7690,111.794771778092
7692,93.1163489666504
7693,92.9282541327847
7695,111.780204718627
7696,92.8999751151276
7698,96.129399495825
7699,111.68729619302
7702,94.1734442214219
7703,112.346874500785
7704,93.8633686379034
7707,108.743939251683
7713,78.6843534962826
7715,103.312289485751
7717,115.820474561929
7718,94.0020449894217
7719,101.773184282749
7721,107.647339095405
7722,94.7206277006043
7725,95.9023449831146
7727,100.176023872613
7730,79.5558826656633
7733,93.2182060616759
7735,103.409515613734
7740,112.228566801801
7741,111.539967017874
7742,93.6819538247509
7744,112.536252841979
7747,91.199913080185
7750,78.5966675238304
7752,114.939052943184
7754,112.601044703901
7756,104.626699736385
7757,92.1050347030249
7758,101.080957872837
7760,101.773184282749
7761,91.8255436174658
7763,122.058007131898
7765,92.8049077779723
7767,112.259462412374
7768,92.2270770624017
7771,90.6562378868547
7773,90.930809106081
7774,113.056742896486
7776,102.465526700995
7779,94.3229968833474
7783,93.624466213092
7786,111.291109176978
7787,93.9014808625651
7789,92.319655337007
7791,94.4442789896128
7793,92.5386355655936
7794,112.014149064824
7795,92.3890350560395
7799,76.9038521604233
7800,108.484519778794
7802,96.1831140272988
7805,94.1423858966881
7807,95.6392582413245
7808,93.5212530928401
7811,100.657446974932
7817,111.827222057313
7818,100.279893273531
7819,92.8710887605993
7822,95.101455212265
7823,111.146075508252
7825,110.823870320848
7828,96.1822178407309
7832,92.7065978307945
7833,78.2620495812588
7834,109.23606243082
7835,92.9250704712903
7837,92.1977699638081
7840,93.4161989405838
7842,92.6756121792568
7843,107.950105247131
7844,92.054399294473
7846,91.8255436174658
7850,92.7759226920752
7853,111.625382800281
7855,109.726619713634
7858,92.1828223072079
7863,111.965609886378
7865,112.590999788299
7866,94.1984485217107
7868,94.4572065056854
7869,112.296480099831
7871,79.5558826656633
7872,101.525858411609
7874,101.277752356647
7877,112.118250853076
7878,92.1817434668627
7879,110.918306191146
7881,90.8380427801602
7883,91.8471814791409
7885,103.44986698222
7886,93.6084479407144
7889,92.9129453562636
7890,102.875865006863
7891,91.7484898544934
7893,89.4941331945446
7894,100.025822797834
7896,111.870862659693
7898,103.058219010054
7901,92.7405661599331
7902,107.370276845104
7904,112.719101790266
7905,91.477543456116
7906,112.228566801801
7909,92.7620632449833
7910,100.657446974932
7913,92.6902836288063
7918,111.801591140145
7919,92.9508762309996
7923,89.3367283226543
7925,90.8576708786276
7927,92.4703526186494
7930,92.9225168019619
7932,93.381666356392
7933,90.8750762581912
7935,90.2212318027013
7939,102.467106076001
7942,93.0413763175456
7943,109.102035664997
7945,99.6820921060133
7946,92.4469432175828
7948,93.099348294243
7949,113.150704580053
7950,93.9932193510903
7951,112.259462412374
7955,100.657446974932
7959,92.0158117987302
7960,112.228566801801
7961,92.6760973252093
7962,100.657446974932
7964,96.341343529566
7965,94.174387267485
7966,112.180280635759
7967,101.44125192803
7968,100.402383653141
7971,103.312289485751
7974,92.9508762309996
7976,106.297726242847
7978,112.992395703375
7982,112.228566801801
7983,92.8710887605993
7984,102.944693828045
7986,91.5568907005799
7989,113.150704580053
7991,107.370276845104
7992,111.905708879858
7993,93.8483165943616
7994,111.490762172892
7995,92.7065978307945
7997,91.6596119493332
7998,102.944693828045
7999,111.827222057313
8002,92.6435453422454
8007,93.2423084365872
8009,96.5136475094331
8011,93.8895119928492
8013,93.2522705482987
8015,96.1200410239834
8017,112.66827034454
8019,111.989260386603
8023,92.8512861492781
8024,112.156297895286
8026,110.550727166861
8027,92.4655581365077
8029,91.9516240985685
8030,112.358451995227
8031,93.4650779903603
8033,93.0236284273414
8035,91.4034024082211
8036,97.418430043428
8039,102.537188047587
8042,92.2942364613263
8044,93.9362008540628
8046,77.5595598177605
8048,112.516617766276
8049,91.477543456116
8050,100.279893273531
8053,92.0746179536653
8054,94.105331978455
8059,92.4592538663855
8061,93.4859978975582
8062,112.316122200966
8064,109.114261508963
8066,101.857790766327
8067,92.7562687651806
8068,92.5950097503809
8070,93.4029247003345
8071,113.646383451924
8072,94.9680147754697
8076,94.723482650399
8080,94.1567576813249
8081,113.975104706988
8084,100.127738678871
8087,111.855705442067
8089,92.7221175978629
8090,112.011284240216
8091,100.279893273531
8094,112.898349830517
8100,92.8512861492781
8101,94.3002360702229
8110,93.2778833328483
8111,107.370276845104
8112,93.3104857957659
8115,108.826709355271
8116,93.9390833477227
8118,109.114261508963
8121,115.20101695873
8125,108.11944463574
8127,114.348118175447
8128,93.0890949681488
8129,109.416523070118
8131,95.0886575157491
8138,92.7862118204793
8139,100.572840491353
8140,92.8649130456469
8141,90.930809106081
8142,111.877000939727
8143,112.053119306147
8145,110.550727166861
8146,91.1476839402311
8148,112.574381001919
8153,112.107888719693
8154,89.3287820474797
8155,110.781417269885
8161,93.2453200916497
8162,110.475304604202
8163,93.5017816428298
8166,111.158395209044
8168,110.760590844482
8170,93.6370035732833
8172,108.735419101125
8173,92.406906529024
8176,102.6592084859
8179,92.4248301784245
8181,92.1900434592825
8182,112.294856276756
8184,113.023745878294
8190,101.91844116342
8191,92.3641080769447
8194,115.066444308191
8196,109.292655003301
8198,115.919035161074
8199,111.726490026966
8201,113.475979690134
8202,93.259954622641
8207,93.7136484968213
8208,110.136475035033
8211,111.138575148463
8214,111.157592617601
8217,93.5095222794188
8218,112.494211501136
8222,93.0167294187558
8229,105.707545751749
8231,92.2709663711575
8233,93.2522705482987
8236,94.5439175783394
8238,119.490011657224
8240,97.0397556927491
8243,94.2647508066583
8246,111.078274103507
8250,91.6252521552232
8254,93.6726809941901
8256,77.8389755742245
8257,108.445769901431
8258,92.0732291393068
8260,92.8254666194988
8261,114.779166519569
8263,112.131935826197
8264,93.518292726585
8267,110.676411053791
8268,91.2895122595218
8271,92.0732291393068
8272,110.136475035033
8275,92.7402280649257
8276,93.1257314697576
8277,104.063635526269
8278,111.572683375256
8279,94.4715657100168
8280,112.367454069361
8281,93.2352907524181
8282,106.304260096556
8287,110.547342053309
8288,89.9471864917868
8289,113.617189922414
8294,93.9183451595453
8296,92.4276020653632
8299,112.35278694045
8302,103.409515613734
8308,111.654485714316
8314,101.490974383472
8315,94.3418591010121
8316,113.237493283159
8317,94.6366617657913
8319,112.751100855108
8320,92.3198281132353
8321,115.36369861626
8323,93.9003215894771
8325,92.8512861492781
8326,112.691871544972
8328,109.313894948966
8330,111.493145773813
8331,94.2230762333346
8332,113.963961469752
8334,92.8695663117541
8338,92.5879677475167
8339,91.9493783988145
8341,94.4398068214504
8345,111.110399695739
8346,92.1537236688745
8347,102.875865006863
8349,94.1033184013067
8351,93.2689803044049
8352,111.94693966645
8353,109.313894948966
8355,114.151966774996
8358,110.703012463331
8359,111.574220756694
8360,91.030595553675
8361,109.906187068598
8363,98.8418038469243
8364,95.2472569818346
8365,93.2815752268506
8366,100.657446974932
8370,114.524239497885
8372,89.9745801255193
8376,94.2107070578931
8377,113.208632193899
8379,113.105697086707
8380,92.4754189314989
8381,113.550815250652
8386,91.4554439276543
8388,102.637979080944
8389,93.5548940703592
8391,108.158014538741
8394,93.6726809941901
8396,102.875865006863
8398,102.791258523284
8400,112.266752871845
8401,91.0696485355583
8404,94.4398068214504
8407,92.6760973252093
8408,114.436477963507
8409,117.300686140588
8410,102.875865006863
8411,92.441690379448
8413,95.5953489222301
8414,114.583774561688
8416,95.6998809414653
