ID,y
1,77.1455871402
2,95.2615080737
3,78.321201845
4,78.601593896
5,107.0271424295
8,93.2443887782
10,107.2710052802
11,94.8931233115
12,113.4655453921
14,94.8834991967
15,113.4655453921
16,105.3631537692
17,101.3003071353
19,95.1188019571
20,108.9688039702
21,101.3003071353
22,113.837224585
23,101.3003071353
26,95.3626648079
28,93.121551636
29,101.3003071353
33,101.3003071353
35,95.006336339
41,101.3003071353
42,93.7454558785
43,113.4655453921
45,104.8620866689
46,104.974552287
51,94.8931233115
53,78.5683591266
55,107.6426844731
56,94.4900151117
57,105.2651948687
58,95.5596683345
59,105.2651948687
63,106.6240342296
64,95.3626648079
65,108.9688039702
69,94.8834991967
71,95.1868725336
72,105.3631537692
73,95.1188019571
76,105.2651948687
77,109.8346682141
78,112.5948023654
82,95.1188019571
83,108.9688039702
84,95.2648025044
85,105.0298921084
87,106.3474347467
88,101.3003071353
89,107.2710052802
91,94.7806576934
93,94.6635153266
94,109.8346682141
95,95.1369861623
96,106.6380773284
97,93.2443887782
98,107.0271424295
99,94.7806576934
101,105.3631537692
103,107.2710052802
104,93.7334651246
105,105.5523518169
110,95.6839357148
111,106.7918396691
113,107.1269532025
114,93.5197772329
115,111.6165248077
117,107.2710052802
120,92.9537461965
121,106.582737507
122,93.2997285996
123,107.6426844731
126,105.7617381197
132,107.4656217985
135,108.9839561147
137,105.2737549591
138,95.1741417784
140,94.4900151117
142,111.6718327952
144,106.6380773284
148,93.3568543964
149,106.6380773284
155,98.104855713
156,106.6380773284
157,93.2443887782
162,106.582737507
163,95.391862895
167,93.5197772329
172,113.4655453921
179,107.6903168155
180,93.4444672309
181,106.6240342296
182,95.6839357148
183,107.2710052802
185,107.2710052802
187,107.0271424295
188,95.1188019571
189,94.8931233115
191,93.121551636
192,111.7240112259
193,95.1369861623
194,106.7364998478
195,93.0662118147
196,107.2710052802
198,95.1741417784
199,106.6380773284
201,108.3568904816
204,95.1741417784
205,105.3631537692
206,95.1369861623
210,94.8931233115
211,105.3631537692
216,107.4009989986
219,113.4655453921
220,93.9773279754
221,105.5523518169
226,106.6240342296
227,93.3568543964
228,106.6380773284
230,106.3474347467
231,93.2443887782
235,113.837224585
236,94.7806576934
238,106.3474347467
242,110.1253107958
243,94.7806576934
244,77.9060373519
245,107.3081023398
247,106.8363106208
248,93.2443887782
249,93.7454558785
250,106.582737507
251,94.7806576934
253,113.837224585
254,93.121551636
256,95.1369861623
257,93.3568543964
258,106.7677730324
259,94.7806576934
262,78.5179508405
266,97.9728478368
267,107.0271424295
272,105.0298921084
273,107.2710052802
275,93.5569328491
276,107.249990817
279,94.8834991967
280,108.9688039702
283,93.2443887782
285,106.6380773284
288,107.2710052802
289,95.5086653552
290,108.3568904816
291,95.1188019571
292,106.9146768113
293,105.9554600167
296,93.4121942177
297,106.7364998478
298,112.5948023654
299,95.1188019571
304,93.4121942177
305,93.3338605687
306,94.9484631329
307,106.6240342296
311,112.1318629189
313,106.6240342296
314,93.0662118147
316,95.5604858387
324,95.1369861623
327,95.1369861623
329,93.4121942177
330,106.7364998478
337,108.7156036398
338,95.7307154457
339,108.4122303029
340,95.3626648079
343,93.3891274096
345,113.4655453921
346,93.2291346512
347,107.0271424295
349,111.7240112259
350,93.1113476573
352,106.7918396691
353,93.0187101326
354,78.1966799336
357,95.1369861623
358,107.2710052802
362,107.2863560042
364,115.1364275004
365,105.3631537692
366,95.1741417784
367,106.9803626985
368,94.8281593754
370,78.5161806959
373,95.5596683345
377,93.121551636
378,105.9554600167
382,105.2651948687
384,106.6380773284
390,95.1369861623
392,107.0271424295
393,105.9086802858
395,95.7307154457
396,109.648048034
399,78.1966799336
406,106.6240342296
408,106.6240342296
409,93.6781253033
410,77.9060373519
412,107.5028205365
413,93.2443887782
419,95.1369861623
420,107.0271424295
421,93.2443887782
430,99.3157231255
434,94.8931233115
436,95.3626648079
437,94.4900151117
438,93.3891274096
439,106.3474347467
440,94.7806576934
443,106.1993228675
446,95.1741417784
448,95.1369861623
452,95.1369861623
453,105.2651948687
457,108.3568904816
458,94.8931233115
459,113.3066495284
460,105.0298921084
462,110.613723051
464,105.0298921084
465,113.4655453921
467,114.2715296863
471,106.9803626985
472,77.9060373519
473,93.1311757508
475,95.1741417784
480,94.7156937573
488,106.8625757046
490,106.6240342296
491,105.3631537692
492,78.1966799336
493,95.1369861623
497,93.2759143822
498,106.7364998478
499,95.006336339
500,104.974552287
501,94.8931233115
502,106.7364998478
506,78.1966799336
510,105.664817435
511,92.8958729904
512,93.4121942177
516,93.7454558785
518,93.0662118147
519,107.0271424295
521,93.5197772329
522,106.9264111309
526,106.8266003578
529,95.5604858387
532,106.582737507
533,95.1369861623
536,107.203211086
537,99.9552247219
539,95.1188019571
540,105.3631537692
541,95.1741417784
543,94.8931233115
546,107.0271424295
547,94.7806576934
548,78.5683591266
551,94.7285565866
552,105.0298921084
556,110.1806506171
557,95.3626648079
558,106.9803626985
559,95.1741417784
560,105.3631537692
562,105.3631537692
566,95.482014446
570,106.7364998478
571,94.4900151117
572,108.9688039702
573,95.1188019571
575,113.4655453921
576,106.6843214171
577,92.8207050756
579,92.9537461965
580,107.0271424295
581,107.4656217985
589,106.6240342296
591,104.8620866689
593,94.8834991967
594,105.1527292506
595,94.8931233115
598,94.7285565866
602,107.0271424295
604,106.6380773284
606,111.1895057934
608,95.1741417784
609,105.3631537692
610,94.8931233115
616,106.9440461509
617,95.3626648079
618,104.8620866689
620,105.6537963509
622,107.4037531577
623,93.2443887782
624,140.2453990517
626,106.2920949253
628,106.582737507
629,93.5197772329
630,106.3474347467
637,95.8117520569
638,108.6475330633
643,94.8463435806
645,94.7156937573
646,114.1675307721
648,95.1868725336
652,95.482014446
653,94.4900151117
654,106.7364998478
656,107.0271424295
657,93.2291346512
659,95.1741417784
660,105.6537963509
663,93.0662118147
664,106.3474347467
666,104.974552287
668,106.7364998478
669,95.1369861623
671,95.3626648079
675,93.7454558785
677,94.7806576934
678,107.3081023398
679,109.1664488874
682,94.8281593754
685,105.2651948687
687,95.1741417784
688,93.7984290607
693,106.9803626985
696,95.1369861623
698,95.006336339
701,95.1369861623
704,110.1253107958
705,113.4655453921
709,107.2710052802
710,94.7806576934
711,105.5864657756
712,94.7156937573
714,106.2920949253
715,93.3254253894
716,106.6240342296
717,93.9219881541
720,113.4655453921
721,93.121551636
724,105.1527292506
725,95.1741417784
726,106.6240342296
728,106.9803626985
731,92.9537461965
734,105.6537963509
738,93.3100746655
745,105.9554600167
746,93.4121942177
751,77.9060373519
754,93.3891274096
756,92.9537461965
758,94.4900151117
759,111.6718327952
761,113.837224585
766,95.4582570692
767,107.6426844731
768,93.2443887782
769,106.6380773284
770,95.006336339
771,78.1966799336
772,106.0834563603
773,94.7285565866
774,106.7364998478
776,106.6380773284
777,94.8463435806
780,113.4655453921
782,105.3631537692
787,104.8620866689
788,95.1188019571
792,93.2443887782
793,107.5028205365
798,94.6056421205
800,93.3891274096
806,106.6240342296
809,106.6380773284
811,106.8266003578
812,93.0187101326
814,113.4655453921
816,105.2651948687
817,95.1741417784
818,112.0024750115
820,106.9146768113
823,94.8931233115
829,92.9537461965
830,111.4801483751
831,93.0187101326
834,106.582737507
839,95.1369861623
841,77.9613771733
844,105.3631537692
845,94.8931233115
848,93.4121942177
850,95.6126642694
851,105.0298921084
852,95.3780155319
854,94.7806576934
855,96.0388339456
856,105.5244084435
859,105.0298921084
861,106.7364998478
864,94.7806576934
865,106.7364998478
866,93.2443887782
867,93.163448764
869,94.7156937573
871,93.0187101326
872,106.6240342296
882,104.8620866689
883,94.8931233115
885,94.8834991967
888,95.1369861623
893,106.6240342296
901,107.3081023398
903,105.3631537692
904,95.1188019571
905,105.3205346901
910,94.7156937573
911,106.8266003578
914,107.203211086
918,114.7296297292
921,93.2443887782
928,95.1369861623
929,105.3205346901
932,95.4564869245
933,109.8900080354
934,94.7156937573
935,107.0271424295
937,78.1966799336
939,95.1188019571
940,104.9416079744
941,95.1369861623
942,104.974552287
943,95.006336339
944,105.0298921084
947,106.6240342296
949,106.1993228675
951,105.8429943986
952,95.1741417784
953,105.3631537692
954,77.9060373519
957,106.6380773284
959,93.6160679711
960,113.1161438964
963,113.4655453921
965,106.6240342296
967,104.974552287
971,95.1369861623
972,77.9060373519
973,95.006336339
974,106.6380773284
975,95.1369861623
978,117.7654488472
980,106.7364998478
981,95.006336339
984,107.203211086
986,94.7156937573
988,93.2443887782
989,106.582737507
990,105.2525400237
992,107.3081023398
996,94.4900151117
999,106.582737507
1000,94.4900151117
1001,106.7364998478
1002,93.2443887782
1003,106.6380773284
1004,93.2443887782
1008,106.582737507
1009,95.006336339
1010,110.4969899887
1012,113.0608040751
1013,93.4548132968
1014,114.1552310884
1015,93.0187101326
1016,113.4655453921
1019,93.0187101326
1020,106.2920949253
1021,94.7156937573
1022,110.1253107958
1024,94.7156937573
1025,77.9060373519
1027,94.7156937573
1028,105.3205346901
1029,95.1369861623
1030,94.8834991967
1033,106.6380773284
1036,93.121551636
1037,105.5523518169
1038,93.3568543964
1042,95.1188019571
1043,104.974552287
1044,94.8931233115
1045,106.582737507
1047,113.3066495284
1050,94.8931233115
1051,106.6240342296
1054,94.8931233115
1056,95.006336339
1057,94.8931233115
1059,95.3626648079
1062,99.2635446948
1063,109.8346682141
1064,95.006336339
1066,94.7285565866
1070,105.2651948687
1076,106.582737507
1077,97.0320042805
1078,106.6380773284
1080,106.9146768113
1082,111.4801483751
1083,95.1369861623
1089,112.1095377819
1091,95.1369861623
1093,95.1741417784
1097,95.3626648079
1099,93.5197772329
1101,94.7156937573
1103,95.0848077316
1104,106.2920949253
1106,106.9803626985
1109,93.121551636
1110,106.7364998478
1111,94.7732766502
1112,111.7054832089
1114,94.8931233115
1116,93.9219881541
1117,105.9086802858
1120,92.9537461965
1124,106.3474347467
1125,93.7454558785
1126,106.8266003578
1134,107.0271424295
1137,93.7454558785
1138,106.2920949253
1144,106.6240342296
1145,94.8931233115
1146,93.0662118147
1148,95.1369861623
1150,92.9537461965
1152,105.3631537692
1153,94.8834991967
1154,105.3631537692
1155,95.1188019571
1157,93.1311757508
1162,95.1188019571
1165,106.6380773284
1166,94.8463435806
1167,110.1253107958
1168,94.7156937573
1169,105.0298921084
1171,113.837224585
1172,95.3626648079
1173,105.0298921084
1174,95.1369861623
1176,96.0388339456
1177,105.0298921084
1178,95.1369861623
1182,106.6380773284
1186,94.7156937573
1187,107.5581603578
1188,93.7454558785
1189,113.4655453921
1191,105.6537963509
1192,95.1188019571
1197,105.8429943986
1198,92.9484248207
1200,77.9060373519
1201,95.1369861623
1203,95.3626648079
1209,113.4655453921
1214,105.3205346901
1218,106.3218764117
1222,93.7454558785
1226,94.8834991967
1228,95.1369861623
1230,98.2933787425
1232,77.9060373519
1233,96.7305793792
1236,113.3066495284
1238,94.4900151117
1241,106.6240342296
1244,108.693313533
1246,93.7454558785
1247,106.7918396691
1250,107.2710052802
1251,93.5197772329
1254,113.966708059
1255,94.7806576934
1256,109.24822518
1257,97.9601170816
1258,93.5197772329
1259,106.6240342296
1260,94.8834991967
1263,106.6240342296
1267,78.2777165449
1268,107.0271424295
1271,95.1188019571
1272,106.6240342296
1274,105.6537963509
1275,95.1188019571
1276,106.6240342296
1277,93.3568543964
1279,93.0662118147
1281,95.1369861623
1282,93.7454558785
1283,107.0271424295
1285,106.2920949253
1286,93.7454558785
1289,106.582737507
1296,107.0824822508
1299,92.9537461965
1301,94.4900151117
1306,92.9537461965
1307,95.1369861623
1308,93.121551636
1313,106.6240342296
1314,95.3626648079
1315,106.7364998478
1316,93.4121942177
1317,106.6240342296
1319,93.4121942177
1323,94.7156937573
1324,105.6537963509
1325,94.8463435806
1328,110.1806506171
1329,95.1188019571
1330,106.7364998478
1331,94.6024807298
1332,106.028116539
1337,94.8834991967
1338,105.9554600167
1339,93.5197772329
1340,106.9803626985
1343,106.9482208211
1347,106.4516775701
1348,96.2681290423
1349,106.7849392309
1352,94.1973546947
1354,97.1699768257
1359,107.7692202084
1360,95.8468366373
1363,107.7551771096
1364,96.2681290423
1365,106.4942966492
1366,95.9593022555
1372,96.3052846585
1375,106.4644083252
1376,96.0242661916
1378,94.6179758003
1379,108.2790141447
1380,95.8468366373
1381,106.1610349884
1384,112.6666310765
1387,94.0848890766
1388,107.4232378054
1392,79.9397363023
1394,109.5756461962
1395,96.0146420768
1396,107.7551771096
1398,96.0796060129
1399,107.7551771096
1400,95.2482779515
1401,94.7871999485
1403,96.3234688637
1404,112.498825637
1406,107.7551771096
1407,96.0242661916
1408,107.7551771096
1410,79.4088594249
1412,107.7551771096
1413,96.3052846585
1415,96.4938076879
1420,107.7551771096
1422,107.4530192918
1423,111.2860374751
1424,107.7551771096
1425,96.6769638514
1426,79.4088594249
1427,96.4938076879
1429,93.859210431
1430,107.8676427278
1431,97.1699768257
1432,106.1056951671
1434,107.6671006561
1437,96.2499448372
1438,106.7849392309
1440,107.9577432378
1441,107.8676427278
1442,96.2681290423
1444,107.9229825491
1445,96.4938076879
1446,106.4942966492
1448,94.3176584522
1453,94.8646080047
1454,107.7551771096
1455,96.2499448372
1456,112.954964879
1458,107.7551771096
1459,94.4879972764
1461,95.7889634312
1465,94.0848890766
1466,107.7138803871
1469,95.8468366373
1472,94.8646080047
1474,96.0242661916
1477,108.1115055786
1479,107.8676427278
1482,94.650920113
1483,78.9540839534
1487,95.8468366373
1488,107.8676427278
1490,107.4785776267
1492,112.6112912552
1494,114.5966882721
1496,106.4942966492
1497,96.8800425309
1499,96.4938076879
1502,95.9118005734
1507,112.5645115242
1508,94.1973546947
1509,107.8676427278
1511,94.5433370978
1512,108.1115055786
1513,113.7259452454
1514,106.7849392309
1518,107.4785776267
1519,94.3755316583
1522,107.7138803871
1524,79.037180232
1527,96.2681290423
1529,94.4879972764
1532,106.3963377488
1536,107.4785776267
1537,114.5966882721
1539,107.0168113278
1542,108.0458196913
1543,96.0242661916
1544,106.7849392309
1545,79.037180232
1550,96.0242661916
1551,107.0398231658
1554,106.4942966492
1556,106.4942966492
1559,99.0912599617
1560,79.037180232
1562,96.137479219
1566,94.3755316583
1567,107.4785776267
1569,106.4961485219
1570,112.8366260889
1571,107.7138803871
1574,94.1973546947
1578,106.4942966492
1580,94.0848890766
1583,108.1115055786
1584,94.1973546947
1585,108.1115055786
1586,94.8765987586
1587,107.7692202084
1588,94.3755316583
1590,113.3542660525
1592,106.2838721306
1596,112.498825637
1598,106.9741372786
1599,96.0242661916
1604,116.7900282184
1606,105.9932295489
1607,96.3052846585
1608,106.2838721306
1609,114.9683674651
1611,95.9593022555
1613,96.0146420768
1616,96.4938076879
1619,108.08555958
1620,94.3755316583
1621,107.4785776267
1622,96.0242661916
1625,108.4392452198
1627,114.9683674651
1629,108.0458196913
1634,96.137479219
1636,95.8596994667
1638,106.3963377488
1639,96.2681290423
1641,96.4938076879
1643,96.0146420768
1644,106.1056951671
1645,114.5966882721
1646,96.0242661916
1647,106.4942966492
1648,96.137479219
1652,94.0848890766
1653,107.7692202084
1656,94.5433370978
1658,96.0242661916
1659,107.8676427278
1661,96.3679398154
1663,96.3052846585
1664,108.1115055786
1665,96.2499448372
1666,106.4942966492
1667,105.9932295489
1668,79.4088594249
1669,105.9932295489
1670,96.0146420768
1672,107.7692202084
1674,115.2863739685
1677,107.8676427278
1678,94.5202702896
1679,107.4785776267
1680,94.5859561769
1683,106.4516775701
1686,106.4048978392
1687,107.4530192918
1689,108.1115055786
1690,94.5433370978
1691,114.5966882721
1692,108.0130830592
1693,94.1973546947
1695,96.0242661916
1696,94.8646080047
1697,107.8676427278
1700,106.4942966492
1701,96.137479219
1702,107.7692202084
1703,94.3755316583
1704,108.4021481603
1706,96.4938076879
1707,108.3343539661
1708,96.137479219
1710,96.4938076879
1711,106.1610349884
1713,111.2564536758
1717,106.1610349884
1719,106.4942966492
1720,96.0242661916
1722,96.2499448372
1725,106.2838721306
1726,96.137479219
1727,110.0769207562
1729,107.7138803871
1730,94.0848890766
1731,108.08555958
1733,106.4942966492
1734,96.2499448372
1735,107.4530192918
1738,96.0146420768
1742,96.3353002498
1745,115.2863739685
1747,96.137479219
1749,95.006336339
1751,95.006336339
1752,77.9060373519
1753,104.8620866689
1754,94.8931233115
1755,95.1741417784
1756,108.5015766264
1758,105.9086802858
1759,95.1188019571
1760,108.3568904816
1761,107.0824822508
1762,93.3568543964
1763,107.0271424295
1764,94.7648628523
1766,95.5596683345
1768,95.1369861623
1769,78.1946202663
1771,107.2710052802
1772,94.7285565866
1773,105.0298921084
1774,95.006336339
1775,107.3988216224
1777,107.4009989986
1779,95.1188019571
1780,108.9688039702
1787,93.2443887782
1788,95.1369861623
1790,95.006336339
1796,106.3474347467
1801,93.2443887782
1803,95.006336339
1807,106.3474347467
1809,107.96395538
1812,94.4900151117
1813,106.3474347467
1814,93.4932308289
1815,106.9803626985
1816,93.9773279754
1818,93.1311757508
1820,93.121551636
1821,113.3066495284
1822,95.1188019571
1825,94.7806576934
1826,105.0298921084
1828,95.006336339
1831,105.0743630601
1836,111.8567591034
1837,95.1369861623
1841,94.8931233115
1844,104.961897442
1848,95.1369861623
1851,105.8856684477
1852,95.1369861623
1853,93.3891274096
1854,106.7364998478
1856,99.6482975444
1859,107.96395538
1860,95.006336339
1861,77.9060373519
1863,105.3205346901
1865,95.1369861623
1866,105.8856684477
1867,94.8834991967
1868,93.2443887782
1872,95.1369861623
1879,94.8281593754
1880,105.0298921084
1882,95.1369861623
1885,105.3205346901
1887,105.0298921084
1888,94.8281593754
1890,110.1594802253
1894,94.8834991967
1895,104.8620866689
1896,95.006336339
1897,107.0824822508
1900,106.582737507
1901,97.9601170816
1902,107.5663301886
1905,93.163448764
1906,106.5305590764
1912,105.3631537692
1915,95.006336339
1916,105.2651948687
1917,95.1188019571
1918,105.0298921084
1920,77.9060373519
1923,94.5594381557
1924,112.9398080024
1925,95.006336339
1930,113.837224585
1932,106.6240342296
1933,94.9929340846
1934,106.8754920053
1935,97.9601170816
1940,78.2777165449
1941,94.7806576934
1942,106.7364998478
1943,98.5720305702
1944,93.1311757508
1945,111.843360864
1948,113.4655453921
1949,93.4121942177
1952,95.0781588369
1954,93.0662118147
1955,106.6240342296
1958,94.0241077063
1959,78.1966799336
1960,107.0271424295
1963,95.1188019571
1965,94.8463435806
1968,105.3205346901
1969,95.1369861623
1971,95.1188019571
1972,106.582737507
1973,93.2443887782
1975,93.2443887782
1977,95.4235426119
1978,94.2679705571
1979,107.0271424295
1981,93.2443887782
1982,106.5359577761
1987,106.5359577761
1988,93.2443887782
1993,99.5442986302
1997,95.1369861623
1999,95.006336339
2001,94.8834991967
2002,113.3066495284
2003,93.3891274096
2004,78.5179508405
2006,107.0271424295
2007,94.8834991967
2009,108.9688039702
2010,95.1188019571
2013,95.4180046292
2018,78.1966799336
2022,105.6537963509
2024,106.9957134225
2025,95.3626648079
2026,105.6537963509
2030,108.9688039702
2031,94.8931233115
2032,105.3631537692
2033,95.006336339
2035,93.0187101326
2036,106.7364998478
2037,93.3891274096
2040,94.8834991967
2043,107.8020232086
2044,109.0854122762
2046,110.3691736465
2054,107.416730151
2055,95.1369861623
2056,108.9688039702
2059,93.3568543964
2060,97.9601170816
2062,92.8405331691
2063,107.3988216224
2066,94.8834991967
2067,106.3218764117
2072,93.2662902674
2073,106.7918396691
2074,93.968767885
2075,107.0952130059
2076,94.8931233115
2080,93.5197772329
2082,97.9601170816
2085,106.9146768113
2087,106.9803626985
2091,107.0997123367
2092,94.8834991967
2093,108.9688039702
2098,95.6126642694
2101,107.0271424295
2102,93.1311757508
2103,78.2777165449
2105,105.8856684477
2106,95.1188019571
2107,107.0952130059
2110,95.1369861623
2114,93.9219881541
2115,106.7364998478
2117,78.144501503
2118,95.006336339
2119,104.974552287
2120,95.006336339
2122,92.9537461965
2123,106.3474347467
2126,95.1188019571
2127,105.3205346901
2128,94.8931233115
2129,106.6240342296
2132,95.4582570692
2135,105.3631537692
2138,94.8463435806
2139,113.837224585
2141,111.851827568
2142,95.1369861623
2146,95.646420867
2151,106.8266003578
2157,105.6016179202
2159,107.2710052802
2162,95.1188019571
2164,113.4655453921
2167,93.1439065059
2168,106.582737507
2171,92.7280675509
2173,95.1188019571
2174,105.6537963509
2175,94.8463435806
2178,95.1188019571
2180,94.8834991967
2185,106.2920949253
2189,93.0984848279
2190,106.3218764117
2192,105.1527292506
2194,113.2235532498
2200,112.1474016851
2201,93.3891274096
2203,106.582737507
2204,93.3891274096
2205,107.2756876069
2209,111.9558264822
2213,105.2651948687
2214,94.7806576934
2215,107.2710052802
2216,93.3891274096
2218,94.7806576934
2219,105.3462314799
2220,94.7156937573
2222,97.7923116422
2223,107.0271424295
2225,106.9803626985
2226,93.7454558785
2230,95.2648025044
2233,106.3218764117
2234,107.2756876069
2235,93.3891274096
2236,77.9060373519
2237,95.1369861623
2240,113.3066495284
2241,93.4121942177
2248,105.3631537692
2249,94.8834991967
2250,106.9146768113
2252,106.582737507
2253,93.5569328491
2254,106.2920949253
2256,77.9060373519
2258,97.6141346786
2259,105.8429943986
2262,94.8834991967
2265,95.1188019571
2266,105.6537963509
2269,94.9929340846
2271,96.0388339456
2273,93.3891274096
2274,106.2920949253
2275,93.3891274096
2277,94.7806576934
2279,93.3891274096
2280,77.9060373519
2282,94.8834991967
2283,104.8620866689
2288,93.2443887782
2289,112.5713685259
2291,95.006336339
2292,113.837224585
2297,94.7156937573
2298,105.0298921084
2299,94.6578205511
2300,107.0584156141
2301,93.2443887782
2304,95.1369861623
2305,105.0298921084
2306,94.8834991967
2308,94.8931233115
2309,107.0398731846
2311,112.9417437588
2312,105.6537963509
2316,104.974552287
2321,105.0298921084
2322,107.0271424295
2325,105.2651948687
2326,95.1369861623
2329,113.837224585
2330,94.7806576934
2331,105.0298921084
2332,106.3218764117
2333,94.8834991967
2334,105.1527292506
2335,109.24822518
2337,107.2756876069
2338,93.1769562206
2340,106.3218764117
2342,93.4121942177
2345,93.9219881541
2349,96.7523842714
2351,77.9060373519
2352,95.006336339
2354,106.6240342296
2355,110.6177356675
2357,106.9803626985
2358,93.9219881541
2360,95.3626648079
2361,106.6240342296
2364,95.1369861623
2366,95.1868725336
2369,108.5350674451
2370,94.8834991967
2371,106.3218764117
2373,118.2159132122
2374,95.4241412399
2376,106.6380773284
2378,111.851827568
2382,96.0388339456
2383,93.5015930278
2386,104.974552287
2387,95.0719697396
2389,93.163448764
2390,111.2893165665
2392,100.685485127
2398,106.3218764117
2399,95.006336339
2400,93.2662902674
2401,105.9086802858
2402,94.8931233115
2404,112.7190430896
2407,111.7240112259
2408,106.6240342296
2409,106.9146768113
2412,78.5683591266
2413,95.0720222262
2415,95.1369861623
2420,111.4487193682
2422,94.6024807298
2423,104.8620866689
2426,95.1188019571
2432,94.4900151117
2434,92.9537461965
2435,93.163448764
2436,107.0271424295
2438,111.7240112259
2440,106.7364998478
2443,95.2648025044
2444,93.4121942177
2447,105.3631537692
2450,95.1741417784
2454,93.2291346512
2455,107.2710052802
2459,94.8834991967
2460,114.5996360108
2463,94.8931233115
2465,93.5015930278
2468,78.2777165449
2469,93.3891274096
2474,93.5197772329
2478,94.645460308
2480,93.4121942177
2481,113.3066495284
2489,94.8834991967
2490,108.9688039702
2492,97.9601170816
2496,94.8834991967
2497,106.6240342296
2500,95.006336339
2505,94.8834991967
2507,92.7280675509
2508,107.2756876069
2509,95.3626648079
2510,78.8639332436
2513,93.2443887782
2515,94.8834991967
2518,93.5015930278
2519,111.2448456148
2520,93.5015930278
2521,107.249990817
2523,105.9086802858
2525,94.7806576934
2529,107.2756876069
2530,93.3891274096
2533,112.0956904188
2535,93.1865155721
2538,105.0298921084
2544,111.843360864
2553,106.3919056984
2556,95.1369861623
2558,93.6160679711
2559,119.1438471673
2560,94.7806576934
2561,106.5359577761
2562,93.5015930278
2563,106.9022382693
2564,92.9537461965
2565,106.3218764117
2567,108.3568904816
2572,94.6578205511
2575,95.006336339
2576,106.6380773284
2577,93.1460383727
2578,95.1188019571
2579,105.9428051717
2580,93.0187101326
2582,106.7364998478
2583,93.3568543964
2587,95.1369861623
2589,106.5359577761
2590,95.1369861623
2591,107.2756876069
2594,97.6141346786
2597,94.8834991967
2598,105.3631537692
2599,95.3626648079
2600,104.8620866689
2602,112.5191900952
2603,94.6578205511
2604,108.3568904816
2606,106.9146768113
2607,77.9060373519
2608,93.2662902674
2613,107.2756876069
2614,93.121551636
2615,107.0271424295
2617,107.3988216224
2620,92.9537461965
2623,106.582737507
2624,93.9219881541
2627,107.2756876069
2629,77.9060373519
2630,93.0187101326
2632,95.1913718643
2636,93.3100746655
2639,94.7806576934
2640,105.3205346901
2642,107.2756876069
2644,105.3631537692
2646,107.5922761871
2647,93.3100746655
2649,95.1369861623
2650,111.6307958186
2652,105.3631537692
2653,105.1527292506
2655,116.8940199455
2657,106.3218764117
2659,106.6240342296
2662,93.5015930278
2663,113.3066495284
2664,95.1188019571
2665,105.250688151
2670,95.2064092063
2671,105.3205346901
2672,95.3626648079
2675,105.3631537692
2677,107.0271424295
2679,106.9146768113
2683,106.9803626985
2684,93.9773279754
2685,94.7806576934
2688,105.0298921084
2689,95.106147112
2690,110.1253107958
2693,95.1369861623
2694,107.1668945384
2697,97.0674862297
2699,95.006336339
2703,98.2260481672
2705,105.0298921084
2709,78.1966799336
2710,94.4900151117
2711,106.9941981168
2712,95.3626648079
2713,95.5944800642
2714,107.2710052802
2715,92.7280675509
2717,93.2443887782
2718,112.0188868725
2720,106.8231128537
2721,95.1369861623
2726,95.006336339
2728,94.7806576934
2731,104.8620866689
2732,106.6240342296
2734,93.3100746655
2736,105.3631537692
2737,94.8281593754
2738,104.8620866689
2739,107.2710052802
2746,94.7806576934
2749,105.1527292506
2751,113.4655453921
2752,109.8346682141
2753,95.1369861623
2757,108.9688039702
2758,95.3780155319
2759,106.582737507
2760,95.1369861623
2762,107.0271424295
2764,95.1188019571
2765,111.3966182614
2769,107.2710052802
2771,107.3988216224
2774,93.9773279754
2776,93.3100746655
2777,112.0956904188
2778,97.9601170816
2779,106.9803626985
2782,97.7923116422
2784,93.5197772329
2787,93.3569509934
2789,95.1741417784
2792,94.8834991967
2798,95.4180046292
2799,105.3631537692
2800,95.1369861623
2801,79.2356124365
2802,97.9047772603
2804,95.1369861623
2807,105.3631537692
2808,95.4180046292
2809,118.5080710996
2811,112.5948023654
2812,95.1369861623
2814,93.2443887782
2816,95.1369861623
2817,107.5028205365
2818,106.6240342296
2820,105.9554600167
2821,78.5683591266
2822,95.006336339
2823,105.3205346901
2824,95.1369861623
2826,93.1214991494
2829,97.8770208031
2834,94.7806576934
2835,78.144501503
2838,95.5458209714
2839,106.9146768113
2840,93.1311757508
2841,106.3186725056
2842,94.8834991967
2846,106.1993228675
2848,94.7156937573
2849,93.0187101326
2850,107.2710052802
2851,95.1188019571
2853,98.2933787425
2854,107.2756876069
2858,107.5028205365
2861,95.5944800642
2864,97.9601170816
2865,113.3066495284
2866,106.582737507
2867,93.0187101326
2868,106.5858988977
2870,106.582737507
2877,95.1369861623
2878,107.2756876069
2880,106.6380773284
2882,77.9060373519
2883,95.3626648079
2884,105.0298921084
2885,94.7806576934
2887,94.8834991967
2888,107.0824822508
2889,95.1188019571
2890,105.3631537692
2891,112.9417437588
2892,113.4655453921
2893,93.7370936797
2898,107.6426844731
2899,95.2648025044
2900,107.2863560042
2901,93.3695851515
2909,94.7156937573
2910,106.3474347467
2911,106.2991336406
2913,106.9146768113
2914,96.4143785684
2918,97.8142131313
2919,107.2710052802
2920,93.7454558785
2921,107.2756876069
2922,95.440072864
2923,104.8620866689
2925,112.0956904188
2926,93.0187101326
2927,107.2756876069
2929,106.3474347467
2933,93.3903893256
2934,106.582737507
2936,111.7240112259
2941,105.3577550694
2942,94.4900151117
2943,106.2920949253
2945,110.1253107958
2950,93.2443887782
2951,106.582737507
2953,115.1832072313
2954,94.8463435806
2955,105.2651948687
2956,95.3626648079
2960,96.0388339456
2962,94.6578205511
2963,109.0361345454
2964,105.3631537692
2966,77.9060373519
2967,94.2126307358
2968,107.2710052802
2969,93.2443887782
2971,93.1865155721
2972,94.7156937573
2974,94.8931233115
2975,107.2710052802
2977,113.4655453921
2980,106.582737507
2981,93.7454558785
2983,95.1188019571
2984,108.7156036398
2985,113.837224585
2986,108.3568904816
2987,94.7156937573
2989,95.006336339
2990,106.582737507
2991,95.1369861623
2992,78.1946202663
2995,97.0674862297
2996,105.1527292506
3002,107.5440662181
3004,106.9700166326
3005,113.837224585
3006,95.3780155319
3010,95.3626648079
3011,105.2779256239
3014,93.0187101326
3015,93.4932308289
3016,95.1188019571
3017,113.163550328
3018,93.1397358412
3021,104.8620866689
3024,105.3631537692
3028,94.7806576934
3030,97.9601170816
3032,95.1369861623
3039,95.006336339
3040,109.8346682141
3041,94.961193888
3043,98.2933787425
3044,107.1103564169
3046,105.8429943986
3055,93.1311757508
3056,106.9146768113
3058,93.3891274096
3059,111.1895057934
3061,113.4655453921
3063,105.3205346901
3066,94.8834991967
3067,105.3631537692
3068,77.9060373519
3069,95.1369861623
3072,112.5948023654
3073,106.6380773284
3074,94.7156412707
3077,93.2443887782
3082,94.3573693671
3084,97.0674862297
3085,106.7364998478
3088,105.3631537692
3091,93.5197772329
3092,107.430094807
3093,94.8834467102
3094,104.8620866689
3096,106.8754920053
3097,92.9537461965
3098,77.9060373519
3102,112.5948023654
3106,93.7454558785
3109,97.6694744999
3111,92.7280675509
3112,113.837224585
3113,95.1369861623
3115,93.2662902674
3116,107.2710052802
3117,93.3891274096
3121,107.0824822508
3122,93.3568543964
3123,95.006336339
3124,108.3568904816
3125,95.1188019571
3126,104.8620866689
3127,113.4655453921
3129,93.3695851515
3130,106.6380773284
3132,110.1054827022
3134,109.1664488874
3135,95.5596683345
3137,77.1515175792
3138,95.1369861623
3140,95.3591773038
3144,106.3474347467
3145,95.1188019571
3146,107.0271424295
3147,95.1369861623
3148,105.2737549591
3149,105.2651948687
3150,107.1982795507
3151,98.2813879885
3152,94.8834991967
3155,96.8430449974
3156,107.2710052802
3159,93.2443887782
3161,94.7156937573
3162,105.2651948687
3163,95.3626648079
3165,104.8620866689
3172,92.9537461965
3173,107.2710052802
3176,94.8931233115
3177,105.0298921084
3179,107.2710052802
3183,93.0384553574
3186,95.006336339
3187,104.8620866689
3189,105.9554600167
3190,93.9219881541
3192,113.4655453921
3193,92.9537461965
3194,107.0097565213
3197,95.1188019571
3198,95.1369861623
3200,93.7454558785
3201,113.837224585
3202,95.1369861623
3204,94.8834991967
3205,93.5015930278
3206,106.582737507
3208,104.974552287
3210,104.8620866689
3211,94.8834991967
3212,113.4655453921
3213,95.1369861623
3214,107.0271424295
3216,105.3631537692
3219,93.2443887782
3220,111.7240112259
3221,95.1369861623
3226,109.356855207
3227,94.8834991967
3228,106.8678970804
3229,93.9773279754
3232,78.2777165449
3233,95.1188019571
3234,94.8463435806
3236,95.3591773038
3238,107.2756876069
3239,106.9803626985
3240,92.8405331691
3247,106.7364998478
3249,105.0298921084
3252,113.3915316937
3253,95.1741417784
3254,105.6537963509
3255,94.6024807298
3256,107.6565318363
3257,93.9219881541
3262,94.8281593754
3263,105.3631537692
3264,95.3626648079
3266,106.9544167
3267,95.3104863772
3269,94.6024807298
3272,113.837224585
3274,95.1188019571
3275,105.9360767337
3277,94.8463435806
3279,95.440072864
3280,105.3205346901
3283,96.2617333741
3285,94.8834991967
3287,95.2563358004
3288,105.3631537692
3290,108.7028728846
3291,95.1369861623
3298,106.582737507
3299,95.1369861623
3302,112.3957148788
3303,94.8834991967
3304,108.4734987876
3307,94.7806576934
3309,112.3730606866
3314,77.9060373519
3316,106.6380773284
3317,95.006336339
3319,93.7454558785
3320,107.0271424295
3321,95.006336339
3322,110.1253107958
3324,92.9537461965
3326,97.6694744999
3329,105.8429943986
3330,92.9537461965
3331,107.0271424295
3335,113.4655453921
3337,95.0720222262
3338,108.3696212367
3339,95.8847092508
3340,106.1148525216
3341,98.1790200725
3343,93.7259494687
3346,92.9342397867
3348,95.5688370436
3351,105.5693260049
3352,114.0433968208
3355,93.450561014
3356,107.4093833218
3358,108.76314117
3359,95.343158398
3360,107.6188412213
3371,107.2886544865
3372,95.343158398
3374,95.5688370436
3377,106.7367313121
3378,93.2248823684
3380,105.2360643441
3382,94.921865993
3386,95.343158398
3389,106.4982671611
3391,105.4245873735
3393,95.343158398
3394,105.4713671045
3395,95.3249741929
3397,107.4818598426
3398,95.4857407651
3399,78.7745313623
3400,95.5688370436
3404,105.2360643441
3407,106.7889097428
3409,110.3314830315
3419,95.0525158163
3421,98.3110279488
3425,95.6462450998
3427,78.4028521694
3428,114.0433968208
3429,106.4982671611
3431,93.3373479866
3435,95.0992955473
3436,107.477177516
3439,94.6329646469
3441,93.1592469331
3442,114.0433968208
3443,95.0343316112
3444,105.3589014863
3445,94.8639927869
3446,113.1535838058
3449,98.1662893174
3453,94.9868299291
3457,95.343158398
3460,105.5693260049
3461,95.714837591
3462,93.9396373604
3464,105.5267069258
3465,78.1122095877
3466,95.5688370436
3467,105.2360643441
3468,95.5688370436
3469,105.8599685866
3470,105.3589014863
3472,107.4818598426
3473,93.1599184323
3475,93.7259494687
3476,106.7889097428
3478,105.5267069258
3479,95.6644293049
3483,95.343158398
3484,105.2360643441
3485,95.7658405702
3487,93.7259494687
3488,107.0327725936
3496,107.120849047
3497,95.343158398
3499,96.2450061814
3500,78.1122095877
3501,95.2125085747
3504,95.5688370436
3508,109.1749762059
3511,93.3277238718
3512,106.7177130699
3515,93.6183664535
3517,94.8639927869
3518,105.4840978596
3526,107.477177516
3528,122.2637619474
3529,94.2366460893
3530,106.1148525216
3531,93.6183664535
3532,113.2660494239
3533,93.8068894829
3534,95.343158398
3535,78.1122095877
3536,93.5952996454
3537,106.7889097428
3538,95.343158398
3539,106.8302064653
3540,110.2847033006
3545,106.4982671611
3546,93.450561014
3550,110.3314830315
3551,95.2909799674
3553,95.3249741929
3554,105.5693260049
3557,95.343158398
3558,107.2333146652
3559,98.1662893174
3561,95.343158398
3562,107.4818598426
3563,94.921865993
3564,105.5693260049
3565,94.8639927869
3567,93.2723840504
3571,105.5693260049
3572,95.3803140142
3574,95.6881866818
3576,95.343158398
3577,106.4982671611
3578,95.2125085747
3579,95.343158398
3583,95.343158398
3585,95.0343316112
3586,105.1807245228
3587,106.5536069824
3593,93.7259494687
3594,111.6395408799
3595,95.2125085747
3599,95.3803140142
3600,105.8599685866
3601,107.4818598426
3602,98.1662893174
3604,95.0525158163
3609,114.0433968208
3610,107.2886544865
3612,106.7421300119
3614,107.926264765
3615,95.343158398
3617,95.6462450998
3618,107.2333146652
3619,107.1605889357
3620,106.7889097428
3621,95.343158398
3625,95.5263145615
3626,105.3067230556
3630,105.3589014863
3631,95.4241950093
3632,109.2423067812
3633,95.5688370436
3634,107.2333146652
3637,95.0525158163
3639,93.5715867225
3640,107.477177516
3641,93.7259494687
3644,107.4093833218
3645,95.343158398
3646,93.5715867225
3647,93.7259494687
3648,107.4818598426
3653,106.8442495641
3654,93.4724625031
3655,107.2333146652
3659,105.0682589046
3660,95.5688370436
3662,107.120849047
3666,93.7259494687
3668,95.3930447693
3671,93.1599184323
3673,93.3277238718
3674,107.1865349343
3675,93.5162469012
3681,98.2556881274
3682,106.8442495641
3686,107.2333146652
3687,93.0467054048
3692,78.167549409
3695,107.2333146652
3696,95.343158398
3699,108.0163652751
3705,108.0817014373
3707,78.4838887806
3708,95.3249741929
3709,107.0881124149
3710,95.343158398
3712,95.0896714325
3715,106.8442495641
3716,95.0525158163
3720,107.0327725936
3722,78.4838887806
3726,95.5688370436
3728,93.1599184323
3729,107.2886544865
3731,105.0682589046
3735,107.5582141272
3736,94.5435658368
3739,105.0682589046
3741,106.2920949253
3743,104.974552287
3744,95.006336339
3745,106.6380773284
3746,94.7806576934
3751,93.3100746655
3753,95.1369861623
3760,106.9146768113
3761,93.9219881541
3762,105.8429943986
3763,93.4121942177
3765,93.3654144868
3768,106.6380773284
3769,95.1369861623
3770,110.1806506171
3773,107.0097565213
3774,95.3626648079
3776,95.1188019571
3778,93.6781253033
3779,106.8754920053
3780,94.7806576934
3781,106.2920949253
3782,93.8007956999
3783,107.2756876069
3784,94.6578205511
3786,95.3626648079
3789,106.7917871825
3790,95.2697340397
3793,107.3708160533
3795,106.6380773284
3797,95.1188019571
3798,113.837224585
3800,107.2710052802
3804,95.3626648079
3810,94.8281593754
3815,106.6380773284
3816,95.3626648079
3818,105.1192909184
3824,107.2756876069
3828,105.6537963509
3830,106.582737507
3831,95.5904933703
3832,77.9060373519
3834,106.6380773284
3835,93.7454558785
3836,107.2998634608
3838,94.8834991967
3839,113.4655453921
3840,107.1081790407
3845,93.3654144868
3846,106.6240342296
3847,94.6578205511
3849,77.9060373519
3853,107.0271424295
3855,108.9688039702
3856,94.8834991967
3864,78.1966799336
3865,95.3626648079
3866,106.7364998478
3867,97.6141346786
3868,107.2710052802
3869,95.3626648079
3871,93.2291346512
3875,105.3631537692
3876,93.2443887782
3878,95.1369861623
3879,106.3474347467
3881,107.2710052802
3883,106.9146768113
3884,112.7190430896
3886,106.582737507
3890,95.3774642529
3893,122.6557829272
3897,108.7156036398
3901,93.7285335893
3902,107.0271424295
3913,105.817077941
3914,93.7454558785
3916,93.2443887782
3917,107.2816894715
3924,106.5292805908
3925,96.0836850071
3928,96.006276951
3929,107.4702125009
3932,95.6793178216
3933,106.0067659123
3934,78.5496494951
3935,98.6037292248
3936,95.7624141002
3937,107.2676463727
3938,93.8301277152
3939,107.9434756039
3943,93.7549598004
3944,107.91929975
3945,107.2816894715
3946,95.7805983054
3947,107.6707545726
3948,94.5656002972
3949,107.91929975
3950,95.7805983054
3951,107.5582889544
3952,94.3770772677
3953,106.8429350106
3961,113.9502616715
3962,94.0558063608
3966,95.7805983054
3967,105.6181644301
3968,95.4717715185
3969,108.1464326796
3970,96.6824460887
3971,109.6124161133
3973,95.2633374863
3974,107.91929975
3975,107.7705653457
3977,94.0558063608
3979,107.9146174233
3985,95.5367354546
3986,105.9641468332
3988,107.9434756039
3991,95.4717715185
3992,106.0067659123
3993,99.5723687297
3994,93.9099024105
3995,107.2263496502
4005,107.9146174233
4007,95.7805983054
4008,105.6181644301
4009,95.5271113399
4010,123.0227955873
4011,79.2119712697
4012,95.4899557237
4013,106.5292805908
4015,107.6834853277
4016,106.8429350106
4018,107.9146174233
4025,95.7624141002
4026,107.9146174233
4028,107.8382631388
4029,96.006276951
4031,93.7098239578
4032,107.2816894715
4033,95.0814488241
4034,105.6735042515
4037,96.006276951
4038,105.505698812
4039,95.5367354546
4041,96.006276951
4042,107.2676463727
4043,95.7624141002
4044,106.0067659123
4045,95.7284198747
4046,108.2099423317
4047,95.8177539216
4048,109.4937216589
4049,95.7805983054
4051,94.5656002972
4052,107.91929975
4058,106.0067659123
4062,106.9357070685
4064,107.8936029601
4067,95.7805983054
4068,78.5496494951
4070,94.2996692116
4072,114.4808367281
4074,106.9357070685
4075,95.7805983054
4076,107.5255523222
4077,94.0327395527
4078,107.9146174233
4080,106.0067659123
4082,107.9920254795
4085,95.3014326943
4086,107.738825149
4088,107.9146174233
4089,95.7284198747
4092,78.5496494951
4094,98.2577468217
4095,107.6707545726
4096,95.9540985203
4097,105.6181644301
4102,98.9369908856
4105,111.7153309426
4107,106.671642067
4111,95.2460928729
4112,110.4782803572
4113,96.006276951
4114,112.4066725293
4115,93.9099024105
4116,107.9146174233
4117,95.5367354546
4118,96.006276951
4119,107.5582889544
4120,94.2996692116
4122,79.2119712697
4125,94.3890680216
4126,107.6707545726
4129,107.2816894715
4134,106.9123580546
4137,94.1633893761
4141,105.9641468332
4142,95.7751448554
4144,95.5271113399
4145,106.5292805908
4146,96.3840927546
4150,95.7805983054
4151,78.1668089153
4154,95.7805983054
4156,94.8562428789
4157,107.6239748416
4159,106.8429350106
4160,94.5656002972
4161,107.5191041484
4168,95.6499484821
4171,105.9641468332
4172,109.8100610305
4173,96.006276951
4175,95.3411735579
4176,106.0067659123
4177,95.5271113399
4178,105.6181644301
4179,95.7805983054
4181,107.0617829253
4183,96.006276951
4184,107.2816894715
4185,94.1452051709
4186,107.570023274
4188,114.4394637223
4190,106.582737507
4192,93.7651637791
4193,123.2993950703
4194,107.91929975
4195,96.1522774983
4196,78.5496494951
4202,96.006276951
4203,110.5336201785
4208,96.006276951
4209,107.1795699192
4210,98.8696603103
4211,106.4866065417
4212,114.4808367281
4214,105.9641468332
4215,95.7805983054
4216,107.2676463727
4217,94.0558063608
4219,96.006276951
4222,107.2676463727
4224,78.5496494951
4231,105.9641468332
4232,96.006276951
4234,98.8696603103
4236,95.5271113399
4237,106.0067659123
4240,95.7805983054
4242,109.3592157829
4243,96.006276951
4247,94.3890680216
4248,107.9146174233
4249,98.3130866431
4254,105.7963413937
4263,95.7284198747
4265,107.6707545726
4267,112.174857273
4268,107.2263496502
4271,107.9146174233
4272,95.7805983054
4273,106.9910468898
4274,94.0327395527
4276,95.5367354546
4278,95.7624141002
4280,96.006276951
4281,107.2816894715
4283,94.2912057182
4284,107.3801119909
4285,95.5271113399
4286,106.9357070685
4287,93.7875186491
4288,108.1213392925
4289,98.2577468217
4290,79.2119712697
4293,93.7098239578
4296,112.1237605182
4297,94.3890680216
4299,98.6037292248
4303,107.1436404613
4310,95.3593059004
4312,105.9641468332
4318,105.881673147
4320,105.9896149158
4322,98.6233750908
4323,114.2416452275
4325,106.6019757381
4326,107.1565967061
4328,106.1723157287
4330,105.8390540678
4332,107.0683125722
4333,95.4405008698
4335,95.5248557167
4336,111.6413349321
4338,106.4041878255
4341,95.4020185745
4342,106.1723157287
4344,105.881673147
4347,100.0591894529
4348,105.881673147
4351,112.2617808146
4352,95.6555055401
4353,107.789524658
4355,105.6712486284
4356,95.1763399289
4359,105.7964450017
4360,95.6373213349
4361,95.1763399289
4364,96.027184733
4365,105.881673147
4368,96.0781877123
4372,95.5248557167
4374,93.2465869287
4376,95.8811841857
4377,105.7837142465
4380,95.5248557167
4383,110.1665674118
4384,95.6373213349
4385,105.6712486284
4389,98.3327325091
4391,95.6555055401
4392,107.1012568848
4393,93.8753737742
4395,93.747654029
4396,107.7942069846
4398,107.1012568848
4399,104.518875007
4401,93.9076467874
4406,95.6555055401
4408,105.8390540678
4412,105.881673147
4415,95.4020185745
4418,107.1012568848
4419,93.2465869287
4420,78.4245567297
4422,107.7942069846
4423,93.2465869287
4425,95.8811841857
4428,107.7373462273
4431,106.9623882567
4434,98.4786364594
4436,95.6555055401
4437,106.8106143031
4439,113.9840647699
4440,93.9733326746
4441,107.6266984184
4444,95.3466787532
4445,105.8390540678
4446,95.6555055401
4447,107.804875382
4452,105.4930716648
4456,107.789524658
4457,95.1763399289
4458,107.1425536074
4460,95.1763399289
4461,113.9840647699
4462,93.8285940432
4465,105.3806060467
4466,106.5439949216
4468,96.2024550926
4469,105.7837142465
4472,106.9366901599
4475,95.4116426893
4478,93.6170042057
4479,107.2550192255
4480,95.6555055401
4483,78.7151993114
4484,95.2991770711
4485,105.8390540678
4486,96.5573533234
4488,95.3648629584
4489,105.7837142465
4490,95.5248557167
4491,110.2367201922
4492,95.6926611562
4493,112.9410248784
4494,95.4116426893
4495,105.3806060467
4498,77.670036957
4499,95.3594095083
4500,105.50580242
4503,106.8659541244
4505,105.3806060467
4506,95.7183579461
4507,95.6373213349
4508,105.881673147
4510,107.1565967061
4511,93.762908156
4513,96.5573533234
4516,78.4245567297
4519,94.2639752563
4521,95.7748551782
4531,94.2639752563
4532,78.7962359226
4533,101.4579019877
4534,107.2550192255
4536,105.881673147
4537,95.1763399289
4539,96.0090005278
4542,105.3806060467
4545,93.5847311925
4549,93.4722655743
4551,95.6555055401
4554,105.5484114861
4556,107.263850179
4559,107.789524658
4561,107.3451197356
4562,106.4739793945
4566,107.140166599
4569,95.6555055401
4570,107.7942069846
4573,95.6555055401
4574,105.6712486284
4575,95.4020185745
4577,95.4116426893
4578,107.1425536074
4580,107.5456618072
4582,98.4786364594
4583,107.7942069846
4585,95.5248557167
4587,105.881673147
4595,93.9307135955
4596,107.8705612692
4601,94.2639752563
4602,107.9195183764
4603,95.5248557167
4605,108.0732807171
4606,93.8231953435
4607,107.9486141848
4608,95.2991770711
4610,95.8811841857
4613,105.4930716648
4617,94.4211768892
4618,107.1425536074
4619,93.6400710138
4620,95.3466787532
4622,100.7900834713
4625,95.1763399289
4626,105.881673147
4627,95.5248557167
4629,93.6182661216
4631,94.0201124055
4633,105.881673147
4634,113.9112627571
4635,95.2470759644
4639,95.3648629584
4640,106.767306928
4642,105.5484114861
4644,106.7178422453
4646,105.881673147
4647,95.6926611562
4648,78.6630208807
4649,95.6555055401
4650,107.789524658
4655,93.4722655743
4660,95.2991770711
4661,108.3287124171
4662,98.0201884382
4663,107.7167989285
4665,94.0328431607
4666,107.1012568848
4667,105.5484114861
4668,95.8811841857
4670,93.5847311925
4671,112.2425306037
4672,95.6555055401
4673,105.5484114861
4675,105.5484114861
4676,95.5248557167
4677,111.9464893222
4680,95.8811841857
4682,95.6555055401
4683,108.0848495663
4685,105.881673147
4686,99.6911388151
4688,107.325436498
4690,106.5493901196
4692,106.2490717586
4693,93.1713005271
4697,93.0034950876
4700,106.0052089079
4702,106.0052089079
4707,113.5152942832
4708,94.7075694423
4710,77.9557862431
4716,98.1907217522
4717,95.412413699
4718,94.9428722026
4720,95.412413699
4721,77.9557862431
4723,94.1164756765
4726,106.6878262195
4727,93.2941376694
4729,94.7783054777
4731,93.7952047696
4732,107.6160790797
4735,94.8304065845
4736,106.1332052514
4737,95.0560852301
4738,106.3418438165
4739,106.6737831207
4744,105.3702835812
4747,94.9428722026
4749,107.3207541713
4750,94.7075694423
4752,107.325436498
4755,94.8779082665
4756,105.0243011781
4757,107.0595054124
4758,95.1685508482
4759,105.0565741914
4763,95.412413699
4764,105.1690398095
4765,94.9428722026
4766,93.6154085762
4767,107.4485705135
4769,106.7862487389
4770,93.743026339
4771,77.2823030816
4772,105.4129026603
4774,107.325436498
4776,114.0164569501
4777,107.0768913206
4778,94.8960924717
4780,93.9717370452
4784,93.9717370452
4786,95.6094172256
4787,77.9557862431
4788,95.0109427791
4789,107.325436498
4791,105.703545242
4792,94.998212024
4795,105.9584291769
4796,93.2362644632
4803,93.0684590238
4805,95.412413699
4807,95.1036387748
4809,93.1713005271
4816,95.1867350534
4817,78.2464288248
4818,93.2941376694
4820,94.9428722026
4821,105.2024781417
4823,106.6878262195
4824,93.4151633779
4825,106.7862487389
4829,105.2024781417
4830,95.412413699
4831,107.1635043265
4833,105.703545242
4836,93.7952047696
4837,107.325436498
4838,93.0684590238
4840,94.3177194482
4841,77.9557862431
4842,93.0684590238
4843,106.9644257024
4844,93.1159607058
4849,112.0836529096
4851,108.461979194
4852,95.1867350534
4858,93.0684590238
4860,95.412413699
4863,106.8763492489
4864,94.1164756765
4865,106.3418438165
4867,107.2685757407
4868,93.1713005271
4869,106.6324863982
4873,92.7778164421
4875,94.9332480879
4876,106.9252408964
4877,93.0350206916
4878,106.6737831207
4880,77.9557862431
4886,107.4485705135
4888,105.3702835812
4889,95.412413699
4890,107.4485705135
4893,95.2683616213
4895,98.687862896
4896,105.4129026603
4899,98.2757970583
4901,94.8304065845
4902,106.976160022
4903,93.4388763007
4904,107.325436498
4910,93.2362644632
4912,93.1713005271
4915,95.4898217551
4916,109.8844171052
4917,94.7075694423
4920,105.4129026603
4927,105.0796409995
4928,94.8304065845
4931,105.0796409995
4934,93.4066032875
4936,94.9428722026
4939,106.5497772093
4942,107.2480284418
4943,95.412413699
4944,105.0243011781
4945,94.9428722026
4947,106.6737831207
4948,93.1809246419
4951,95.1867350534
4952,107.325436498
4953,97.6638835697
4956,93.4388763007
4957,108.2679222444
4958,98.3431276336
4960,95.1867350534
4968,94.8304065845
4969,105.2951156663
4971,105.3149437599
4973,107.325436498
4975,107.2529599772
4976,95.5584142463
4978,93.1713005271
4979,106.5703426655
4982,93.9717370452
4983,105.8927432897
4984,96.5211146956
4985,113.5152942832
4986,93.0034950876
4987,113.3563984195
4988,94.8779082665
4994,94.7075694423
4995,95.412413699
5002,78.5676997317
5004,94.9428722026
5005,104.91183556
5006,94.9332480879
5007,105.2024781417
5009,106.8415885602
5011,107.325436498
5014,94.8960924717
5015,109.8844171052
5018,93.2362644632
5019,105.9584291769
5020,93.4066032875
5021,105.8927432897
5022,94.998212024
5023,93.1713005271
5025,95.412413699
5032,93.4619431088
5034,93.6079436562
5036,93.4066032875
5038,94.2623796269
5039,106.5612897253
5046,95.4123612124
5049,105.9584291769
5051,95.0560852301
5052,93.0684590238
5053,107.325436498
5054,95.412413699
5055,95.0560852301
5057,94.7075694423
5059,93.5513419189
5062,96.0243271876
5063,107.0768913206
5065,107.9108839645
5069,94.7075694423
5071,96.0885828367
5074,107.085451411
5075,93.0684590238
5076,107.5971700547
5077,77.9557862431
5079,109.8844171052
5080,94.7654426484
5081,107.325436498
5083,105.0243011781
5088,105.703545242
5089,95.2495874594
5093,105.8927432897
5094,105.3702835812
5095,95.2495874594
5099,111.5298972662
5101,106.3971836378
5103,105.2024781417
5104,94.6522296209
5105,105.8927432897
5107,93.0034950876
5108,107.0301115896
5109,95.9843434623
5111,93.3568543964
5112,106.6240342296
5113,94.9484631329
5114,106.9146768113
5115,93.9219881541
5118,95.49048115
5122,95.3626648079
5123,77.9060373519
5125,95.1369861623
5127,105.2974678819
5128,95.4582570692
5129,112.5948023654
5132,94.8834991967
5134,105.817077941
5135,95.1369861623
5137,107.4986323955
5142,95.1523368863
5143,104.974552287
5144,93.4121942177
5148,93.121551636
5149,94.8931233115
5150,105.8856684477
5154,77.9060373519
5155,93.7454558785
5159,93.5729607899
5164,95.2648025044
5165,106.9803626985
5166,93.121551636
5167,107.0824822508
5169,93.074049954
5171,93.3568543964
5172,106.6380773284
5176,94.0667267854
5184,110.0210441254
5185,98.2933787425
5186,106.1993228675
5188,105.8856684477
5189,106.8754920053
5190,112.7190430896
5191,106.9803626985
5193,106.6380773284
5196,95.006336339
5199,78.5161806959
5200,106.0834563603
5203,93.0187101326
5204,107.0271424295
5205,112.6637032683
5207,94.6578205511
5208,109.9774143892
5212,95.1998385683
5214,94.5193844512
5218,92.8958729904
5220,98.104855713
5222,93.2443887782
5224,95.1868725336
5225,105.3631537692
5227,108.1194169705
5229,105.3631537692
5232,93.2443887782
5233,113.837224585
5234,105.0298396218
5237,107.2756876069
5239,112.671179299
5240,93.121551636
5241,105.9086802858
5244,93.3568543964
5248,106.582737507
5251,92.9537461965
5253,94.6578205511
5255,94.8834991967
5256,105.2453667752
5257,94.9484631329
5259,95.1868725336
5260,106.9544167
5266,95.1369861623
5268,93.3891274096
5275,107.2756876069
5276,107.0271424295
5277,94.8463435806
5279,94.8834991967
5280,105.3631537692
5281,95.1188019571
5283,95.1369861623
5284,78.2777165449
5285,95.3626648079
5286,104.974552287
5287,94.8931233115
5289,93.7454558785
5290,106.6380773284
5292,106.1028835999
5293,94.7156937573
5294,104.974552287
5297,93.4121942177
5299,105.6537963509
5302,93.5197772329
5305,77.8538589213
5306,94.8834991967
5308,95.1369861623
5309,93.3654144868
5310,107.430094807
5312,106.3474347467
5316,107.3988216224
5317,95.1315327123
5319,77.9060373519
5320,95.3626648079
5323,94.8931233115
5329,107.2710052802
5331,106.6240342296
5334,107.0271424295
5336,106.6380773284
5338,105.3631537692
5341,95.2648025044
5345,95.1188019571
5348,93.3891274096
5349,106.3474347467
5355,108.5288386089
5356,95.1369861623
5360,105.5090577195
5362,105.9681907719
5364,106.1993228675
5366,108.5288386089
5367,95.3626648079
5368,95.5050368001
5370,95.3626648079
5371,77.9060373519
5373,105.2651948687
5375,107.2756876069
5376,93.0187101326
5378,106.1993228675
5379,99.3004357795
5383,94.8931233115
5384,104.8620866689
5389,107.1269532025
5391,77.9060373519
5393,106.2920949253
5395,107.3988216224
5397,106.2920949253
5398,94.7285565866
5399,107.2710052802
5401,113.837224585
5402,93.2291346512
5403,106.7364998478
5404,93.2109504461
5407,77.9060373519
5408,94.8834991967
5413,112.199689333
5414,94.8931233115
5417,95.006336339
5418,106.1028835999
5420,107.1478712647
5421,97.7923116422
5424,95.2648025044
5425,107.0271424295
5426,112.8084418997
5429,107.0824822508
5431,95.0666235264
5437,104.8620866689
5440,93.0662118147
5444,105.692213883
5446,109.8346682141
5447,94.7285565866
5451,94.7806576934
5452,106.8568036052
5455,105.0298396218
5456,94.8834991967
5458,93.507786479
5459,106.9146768113
5460,95.1188019571
5462,95.006336339
5463,106.0364966279
5464,93.1865155721
5465,106.9146768113
5466,96.0388339456
5467,105.0298921084
5468,95.289077375
5469,107.1982795507
5472,94.8931233115
5474,93.0662118147
5475,107.464324885
5476,95.3626648079
5479,105.3631537692
5480,107.2756876069
5482,106.4181707821
5485,93.4548132968
5486,113.837224585
5488,77.9060373519
5495,105.3631537692
5496,99.3004357795
5497,106.9146768113
5499,107.2863560042
5503,93.3568543964
5504,94.6024807298
5507,95.3626648079
5509,93.3312542035
5511,92.9537461965
5512,106.582737507
5516,106.8610744216
5517,94.9480516226
5518,104.9059215048
5521,94.7595285932
5522,104.9485405839
5527,95.6242207604
5528,94.2432073659
5529,106.46087882
5532,96.1547115196
5533,106.1403678645
5535,104.9485405839
5536,104.9922099693
5540,94.2432073659
5547,94.4785101263
5548,105.4940671005
5550,77.4914241667
5551,94.3660445081
5554,106.3218866625
5555,94.722372977
5559,106.3218866625
5560,92.7069384507
5561,106.5398035147
5562,92.6040969474
5563,106.7332580794
5565,77.7820667484
5566,94.722372977
5567,104.6152789231
5568,94.6712444592
5572,94.5917231537
5574,94.7041887718
5576,94.3660445081
5579,106.9842084371
5580,78.1015675106
5581,94.301080572
5583,93.5073749688
5584,106.6125292442
5586,106.1681243218
5587,97.5582346515
5589,104.4474734836
5591,104.4474734836
5592,94.4785101263
5593,106.4673269939
5594,94.301080572
5595,77.7820667484
5596,106.8610744216
5597,106.4119871725
5598,113.8138538771
5599,94.4785101263
5602,106.5398035147
5603,94.301080572
5605,94.3660445081
5607,97.1995214933
5608,106.6125292442
5609,93.1051640477
5610,92.8516770821
5612,94.737723701
5613,106.46087882
5614,92.8954614802
5616,94.2432073659
5621,94.9480516226
5623,94.722372977
5628,112.8920363432
5629,94.4688860115
5631,99.605363552
5633,108.7171759441
5638,104.9059215048
5639,94.4135461901
5640,108.5541907849
5645,94.3660445081
5646,77.8631033596
5649,93.4264349546
5653,106.2094210443
5655,106.5657495133
5656,94.722372977
5658,94.7595285932
5662,113.4226113998
5663,92.829775593
5667,94.301080572
5670,94.4785101263
5671,104.4474734836
5672,94.4135461901
5673,104.7381160653
5674,94.4785101263
5675,104.7381160653
5676,94.4688860115
5679,106.8610744216
5683,106.2094210443
5687,94.301080572
5688,77.4914241667
5690,94.722372977
5691,106.1681243218
5692,92.829775593
5693,111.540131621
5694,94.5917231537
5697,106.6125292442
5698,92.6515986294
5699,106.8610744216
5704,94.4785101263
5707,106.8610744216
5709,104.6152789231
5710,94.4785101263
5714,94.3660445081
5718,94.4785101263
5721,94.4785101263
5723,93.5073749688
5724,107.4465218882
5725,94.2432073659
5726,106.6252599993
5729,94.9480516226
5730,104.9059215048
5731,94.4785101263
5733,77.4914241667
5736,94.722372977
5741,104.8307535899
5745,105.4940671005
5747,94.6520103412
5748,104.9485405839
5750,106.6125292442
5751,94.3660445081
5752,94.4688860115
5754,94.3660445081
5755,93.3308426933
5757,93.3308426933
5758,113.0509322068
5760,105.1267175474
5762,104.7381160653
5766,105.1377386316
5768,94.9480516226
5769,113.4226113998
5770,94.4317303953
5771,105.9328215614
5772,92.829775593
5773,110.8447635248
5774,94.722372977
5776,92.9422412111
5777,106.8610744216
5778,93.1051640477
5780,106.0969276489
5782,94.3660445081
5783,77.4083278881
5784,94.9480516226
5786,94.5465807027
5788,94.5917231537
5789,106.856392095
5790,94.4785101263
5791,104.9485405839
5793,108.6184464341
5794,94.4785101263
5796,113.0509322068
5797,94.4785101263
5801,94.722372977
5803,94.301080572
5804,105.8774817401
5805,94.737723701
5806,77.4914241667
5808,105.4940671005
5813,94.4785101263
5815,94.4688860115
5816,104.7383095631
5822,93.5627147901
5823,106.8610744216
5825,104.6152789231
5827,106.856392095
5829,104.4474734836
5830,94.8501893192
5831,106.500063626
5832,92.8954614802
5833,105.4940671005
5837,112.8920363432
5838,94.722372977
5839,95.3626648079
5842,108.5541907849
5844,105.8774817401
5845,104.6152789231
5846,107.5794218993
5848,77.4914241667
5850,106.1681243218
5851,92.9549719663
5853,94.9480516226
5854,104.9059215048
5858,108.5541907849
5860,106.3218866625
5864,104.8505816835
5866,94.4262769453
5867,106.8610744216
5868,93.1051640477
5869,106.1681243218
5870,93.5073749688
5871,106.856392095
5874,106.5657495133
5876,106.856392095
5877,92.829775593
5878,92.8954614802
5879,105.4940671005
5880,92.4259199838
5884,94.4785101263
5886,106.6125292442
5890,101.1347536579
5896,94.4785101263
5897,104.7381160653
5898,94.9480516226
5901,109.7106976105
5903,106.8610744216
5906,92.8516770821
5908,106.8610744216
5909,97.1995214933
5910,106.46087882
5911,94.4785101263
5912,105.7847096822
5914,106.5657495133
5919,106.8610744216
5924,93.5073749688
5926,94.4785101263
5929,104.7600175545
5930,94.6099073589
5932,94.9480516226
5933,106.9842084371
5934,93.1051640477
5935,106.2234641431
5936,92.6040969474
5937,106.4084996685
5938,98.4906790458
5939,110.9530695717
5942,105.7325312515
5943,94.4785101263
5944,107.9976171176
5946,106.8610744216
5951,93.2443887782
5953,105.1527292506
5954,94.8931233115
5957,105.3205346901
5961,95.2648025044
5962,105.8856684477
5964,77.5231967721
5965,94.5917231537
5968,106.9803626985
5969,93.5015930278
5974,93.2662902674
5975,107.2188268495
5978,77.9060373519
5981,105.3205346901
5982,95.7896838221
5983,106.2687459115
5989,111.7996491374
5991,94.8931233115
5992,105.6537963509
5995,95.49048115
5996,105.1527292506
5997,105.8429943986
5998,93.3100746655
5999,77.0684213006
6001,106.6240342296
6002,93.121551636
6003,107.0271424295
6004,94.8931233115
6006,106.1993228675
6007,93.5197772329
6011,101.5493668431
6012,105.2651948687
6014,94.8931233115
6015,104.974552287
6016,95.1188019571
6017,106.7364998478
6018,95.3626648079
6024,94.8834991967
6025,105.3631537692
6026,107.8611350734
6028,106.7918396691
6029,77.9060373519
6030,93.3568543964
6036,106.9803626985
6040,95.1523368863
6041,106.6380773284
6042,93.3654144868
6044,94.8463435806
6045,105.3631537692
6047,105.3631537692
6048,94.6024807298
6049,105.9554600167
6051,113.4655453921
6052,107.6980242945
6053,93.2443887782
6054,106.9264111309
6058,109.0361345454
6059,94.6024807298
6062,95.3626648079
6063,113.4655453921
6064,105.0298921084
6065,95.1523368863
6067,93.5015930278
6068,106.6380773284
6070,105.1527292506
6071,101.9056953121
6072,107.0271424295
6080,107.0271424295
6081,94.8931233115
6084,105.8856684477
6087,93.7454558785
6089,105.692213883
6092,107.0271424295
6094,94.7806576934
6095,107.2756876069
6097,107.8755292016
6100,93.121551636
6104,105.2651948687
6105,94.7806576934
6106,105.664817435
6107,78.2777165449
6108,92.9852718005
6109,107.0271424295
6110,93.3568543964
6114,107.0271424295
6116,94.8653668543
6117,105.6537963509
6118,95.1188019571
6123,77.9060373519
6125,107.2756876069
6128,122.6557829272
6130,105.3650056418
6132,106.7364998478
6137,77.9060373519
6139,107.3988216224
6140,93.2109504461
6141,107.8755292016
6142,110.2232696962
6144,117.2656991384
6145,95.3626648079
6146,93.5015930278
6149,98.0495158917
6156,94.7156937573
6159,107.8611350734
6160,93.2109504461
6162,105.0298921084
6164,107.0271424295
6165,93.1311757508
6168,77.9060373519
6169,105.9086802858
6170,95.1741417784
6171,107.2710052802
6172,93.0187101326
6173,110.4395587039
6176,95.3626648079
6177,92.7280675509
6178,95.1188019571
6180,94.6578205511
6181,105.3631537692
6182,95.3626648079
6185,94.8931233115
6186,106.582737507
6188,107.1103564169
6189,93.7454558785
6192,105.8856684477
6193,94.8931233115
6194,105.3631537692
6195,94.8281593754
6196,112.5948023654
6197,94.7806576934
6201,106.582737507
6202,93.2662902674
6203,107.0271424295
6204,94.7806576934
6207,113.837224585
6209,93.9219881541
6210,92.7280675509
6211,106.8231128537
6213,106.582737507
6216,93.0187101326
6217,93.0662118147
6219,95.1523368863
6222,77.9060373519
6223,95.1369861623
6235,95.3626648079
6240,95.1369861623
6242,95.0720222262
6247,94.8931233115
6251,106.2920949253
6254,107.0824822508
6255,95.3626648079
6260,104.8620866689
6261,94.8931233115
6262,108.7156036398
6264,106.9544167
6269,105.2651948687
6271,108.5288386089
6275,106.6240342296
6276,93.3100746655
6278,99.3004357795
6279,105.9086802858
6281,107.0466801675
6284,93.7608066025
6286,94.8834991967
6287,77.9060373519
6288,95.1369861623
6292,93.121551636
6293,94.7806576934
6295,94.8004029182
6298,106.1993228675
6300,106.6240342296
6304,105.3631537692
6308,106.1993228675
6310,95.006336339
6312,107.0271424295
6320,94.8931233115
6324,97.9370502735
6325,107.0271424295
6330,95.5596683345
6336,105.8429943986
6340,108.5288386089
6341,95.3626648079
6342,105.5864657756
6344,94.4900151117
6345,107.4009989986
6347,105.9086802858
6348,93.9219881541
6349,106.1993228675
6351,77.9060373519
6353,106.8266003578
6354,94.7806576934
6357,94.9484631329
6358,105.3631537692
6360,104.974552287
6363,113.3066495284
6364,93.2443887782
6368,107.8611350734
6370,93.121551636
6371,94.8931233115
6377,113.3309565782
6379,94.8931233115
6381,93.7454558785
6382,77.9060373519
6383,105.9086802858
6388,106.582737507
6390,106.582737507
6392,104.8620866689
6393,95.2648025044
6395,95.3626648079
6398,104.9174264902
6401,77.9060373519
6402,98.2813879885
6403,106.8754920053
6405,93.3891274096
6406,93.2443887782
6407,107.2756876069
6409,105.3631537692
6411,93.0384553574
6413,99.1726194373
6416,109.3574054523
6417,94.4900151117
6418,93.3100746655
6419,113.837224585
6420,106.6240342296
6426,106.9040084139
6429,93.121551636
6430,94.8931233115
6431,106.8754920053
6432,93.9219881541
6434,95.8402913846
6437,106.9803626985
6438,95.3626648079
6439,105.0298921084
6440,95.1369861623
6441,93.9773279754
6442,107.0271424295
6443,96.4713658044
6445,95.0666235264
6448,107.2756876069
6450,106.9146768113
6453,95.6839357148
6455,94.8463435806
6457,93.2662902674
6458,106.1993228675
6461,95.006336339
6464,106.6380773284
6467,94.8931233115
6469,96.0388339456
6470,78.1966799336
6471,93.2109504461
6473,105.0298921084
6474,94.8931233115
6479,95.006336339
6481,93.4548132968
6484,106.582737507
6495,93.4121942177
6496,106.849041376
6505,107.4680088068
6506,96.1023946386
6508,95.3626648079
6509,94.8931233115
6510,105.3631537692
6512,105.3205346901
6513,94.8931233115
6514,107.0824822508
6515,93.5569328491
6519,95.006336339
6521,95.1369861623
6523,77.9060373519
6525,108.9688039702
6526,95.2648025044
6528,95.1188019571
6529,107.0952130059
6531,105.3205346901
6533,105.8856684477
6534,94.8931233115
6535,107.2756876069
6536,92.9537461965
6537,107.0097565213
6540,93.3654144868
6541,105.9086802858
6547,99.3004357795
6548,106.1993228675
6551,106.9544167
6553,107.4680088068
6555,105.8856684477
6556,95.3626648079
6561,77.9060373519
6564,92.9537461965
6565,107.2756876069
6568,95.0666235264
6569,107.0271424295
6573,105.0298921084
6574,95.006336339
6577,106.582737507
6579,113.3066495284
6581,93.5015930278
6582,106.8754920053
6585,112.3789611355
6586,95.3626648079
6589,105.5413307327
6590,77.9060373519
6593,93.4548132968
6594,106.7364998478
6595,93.121551636
6599,93.1311757508
6600,93.9219881541
6601,107.4656217985
6602,93.2443887782
6603,107.2756876069
6604,95.1741417784
6607,105.0298921084
6608,106.0254755438
6609,95.006336339
6611,94.6024807298
6613,107.0271424295
6614,93.5015930278
6616,93.7454558785
6617,107.0271424295
6618,94.8931233115
6619,104.8620866689
6621,105.8856684477
6627,105.3462314799
6629,106.2920949253
6631,77.9060373519
6634,95.3626648079
6636,94.8931233115
6638,95.0666235264
6639,107.0271424295
6641,107.2756876069
6642,94.8834991967
6651,112.2231231725
6654,77.9060373519
6657,95.3626648079
6663,92.7280675509
6665,106.7917871825
6666,93.4548132968
6668,94.8931233115
6669,105.8856684477
6670,95.1188019571
6671,94.7156937573
6673,95.1369861623
6675,93.3100746655
6676,77.9060373519
6677,95.1369861623
6679,94.2126307358
6680,107.2710052802
6681,105.3631537692
6685,105.3631537692
6688,94.8931233115
6689,93.121551636
6690,106.6240342296
6692,107.0271424295
6693,94.2679705571
6694,94.6578205511
6698,113.837224585
6699,95.1523368863
6700,106.2920949253
6701,93.2662902674
6702,106.582737507
6704,93.121551636
6707,107.4680088068
6712,107.2756876069
6713,93.121551636
6715,94.7806576934
6721,106.9803626985
6722,95.1523368863
6723,106.582737507
6724,93.4249249729
6725,113.837224585
6731,106.582737507
6735,92.7790570461
6736,94.7806576934
6737,106.1028835999
6738,95.1868725336
6739,105.3631537692
6741,104.8620866689
6743,93.121551636
6745,94.8931233115
6747,106.7918396691
6749,95.1369861623
6750,105.3205346901
6751,113.4655453921
6752,95.2648025044
6753,107.0271424295
6755,113.5052089975
6756,94.7806576934
6757,105.0298921084
6759,107.1982795507
6761,93.4548132968
6763,93.2109504461
6764,113.837224585
6765,95.2563358004
6766,106.582737507
6768,106.1993228675
6771,93.121551636
6773,94.9484631329
6774,94.8281593754
6778,105.781612693
6779,96.4143785684
6781,93.0187101326
6784,95.9321650316
6786,115.1611379589
6787,129.3105916031
6790,134.7032895912
6793,127.9720345016
6795,129.0667287524
6798,128.6776636513
6806,127.3728517681
6807,116.8677456983
6810,116.697406874
6815,128.0077770948
6816,115.4517805406
6817,127.3047811916
6818,116.9327096344
6819,127.4027400921
6820,116.8677456983
6822,115.2517986849
6823,135.505131715
6824,127.9482666087
6825,115.6775557832
6828,99.8625273963
6829,129.0199490214
6831,128.6636205525
6832,116.7681429095
6833,128.7760861707
6834,115.250536769
6836,115.7419996273
6837,129.3152739298
6838,115.1057981376
6840,127.3370542048
6843,115.2839751011
6845,115.2839751011
6846,116.8202440163
6847,128.7760861707
6851,128.6223238299
6852,120.6116168931
6853,129.1347993288
6858,121.4993608378
6861,128.6776636513
6863,129.5052081214
6864,99.9456236748
6865,116.9230855196
6866,129.3152739298
6867,117.5992546574
6868,127.6813919199
6869,116.9327096344
6870,127.9482666087
6874,128.0077770948
6875,115.6403035701
6877,128.2389091904
6878,134.4126470095
6880,116.9327096344
6883,127.9950463396
6884,115.4699647458
6886,117.4022511308
6890,117.1116085491
6893,127.8825807215
6894,115.3964407193
6899,128.2389091904
6900,115.1611379589
6904,119.9997034045
6905,129.0667287524
6906,115.2687209741
6910,115.6702099441
6912,127.6933826738
6913,134.3162102832
6920,116.8202440163
6922,115.4050008097
6923,129.0667287524
6926,117.1062098493
6927,127.5919381398
6928,114.7676538738
6931,130.8987464018
6933,116.9327096344
6936,115.1707620737
6937,129.3152739298
6939,133.1469738292
6941,115.1611379589
6942,134.6433242691
6943,117.0137462456
6944,126.9016729918
6945,117.15838828
6946,128.2389091904
6947,135.505131715
6949,127.4027400921
6951,127.4027400921
6953,132.9552894092
6954,115.3058765903
6955,129.4384079453
6963,130.1590032934
6964,115.7826755623
6966,115.7850422014
6968,116.8202440163
6970,127.4027400921
6972,134.1352767417
6976,129.0512222061
6978,129.3152739298
6981,130.574653768
6985,127.360121013
6986,117.1765724852
6987,129.3105916031
6989,129.3105916031
6991,135.505131715
6993,134.4147243404
6994,116.697406874
6995,128.2389091904
6996,116.6792360729
6997,129.0199490214
6998,100.5557670188
7001,130.1590032934
7003,133.519734698
7006,117.15838828
7008,124.416771601
7010,115.2839751011
7011,116.7681429095
7012,133.1991522599
7013,115.1611379589
7014,128.722134603
7017,127.3047811916
7018,116.9327096344
7019,115.2839751011
7023,117.15838828
7024,127.4027400921
7025,116.9327096344
7026,128.6776636513
7027,115.7850422014
7028,134.6109548488
7030,129.0667287524
7031,134.7032895912
7033,129.1220685737
7036,116.8202440163
7037,117.2137281013
7039,116.697406874
7044,115.4943996197
7045,129.3152739298
7046,119.0884818723
7049,130.7551899627
7050,117.5854072943
7051,127.4027400921
7054,131.2878115029
7055,115.7177116262
7057,116.9327096344
7060,128.2389091904
7061,117.4022511308
7063,115.0582964555
7064,129.0667287524
7067,116.9327096344
7071,116.8202440163
7074,127.0694784313
7075,117.1765724852
7078,129.3152739298
7079,115.1611379589
7080,129.7862697102
7081,116.7552800802
7082,129.3152739298
7083,115.1509339802
7085,129.5870074865
7092,127.4027400921
7094,117.3043888273
7100,115.4050008097
7101,129.0667287524
7102,129.3152739298
7104,129.3105916031
7105,117.4022511308
7106,116.9327096344
7107,126.9016729918
7108,99.9456236748
7109,115.3496609884
7110,129.3152739298
7112,116.8677456983
7113,127.4027400921
7114,121.1533784348
7116,129.3152739298
7117,117.4022511308
7118,131.874254537
7120,117.0459226619
7121,127.3047811916
7123,127.1923155735
7124,117.2264588565
7127,133.7828477597
7131,127.1923155735
7132,116.9327096344
7133,115.2839751011
7134,128.3316812482
7135,115.1611379589
7136,128.8661866807
7137,116.9327096344
7141,115.4050008097
7144,127.4027400921
7147,129.0667287524
7148,116.8859299035
7150,119.6259645443
7151,117.0459226619
7152,127.2476553948
7154,117.1765724852
7156,116.9230855196
7157,127.0141386099
7159,135.505131715
7161,118.0784202685
7163,117.1765724852
7164,127.3079425823
7167,99.9456236748
7169,132.1648971187
7170,117.0459226619
7173,117.1765724852
7174,127.3047811916
7177,128.6223238299
7178,128.1230426832
7179,117.1765724852
7180,100.2916060779
7181,127.9482666087
7182,116.0169142983
7184,116.9327096344
7185,129.0199490214
7186,115.8409633506
7187,134.6343886883
7188,115.7850422014
7189,129.5424068594
7191,127.0694784313
7193,130.1590032934
7197,116.7486591169
7199,116.7681429095
7200,129.3152739298
7201,115.1611379589
7204,115.1611379589
7207,129.0667287524
7209,129.5052081214
7210,116.9880494558
7211,130.7850782866
7213,120.3209743114
7214,129.0199490214
7216,129.0199490214
7217,116.2522170587
7220,128.2389091904
7224,129.0667287524
7225,115.6956433914
7226,129.0199490214
7227,117.1765724852
7234,129.0199490214
7236,113.984650725
7239,104.974552287
7240,94.7156937573
7242,113.3066495284
7244,106.7918396691
7245,93.3568543964
7247,105.8429943986
7248,93.1865155721
7249,113.4655453921
7250,106.582737507
7251,97.9728478368
7252,106.9544167
7253,77.9060373519
7256,95.006336339
7260,93.2109504461
7261,107.6426844731
7264,94.8281593754
7269,107.8611350734
7270,93.3654144868
7273,106.1993228675
7279,92.8405331691
7281,105.9086802858
7284,97.9601170816
7285,106.1887571339
7286,113.4655453921
7287,93.121551636
7289,94.8931233115
7292,95.1369861623
7293,107.2756876069
7296,95.1233129277
7297,107.2710052802
7298,97.6694744999
7299,107.1081790407
7301,105.1527292506
7304,106.7918396691
7306,118.8643995686
7308,94.8931233115
7309,105.1527292506
7312,95.1369861623
7313,77.9060373519
7314,93.5569328491
7316,93.163448764
7319,113.0608040751
7321,95.5604858387
7323,95.006336339
7324,105.1527292506
7325,95.1369861623
7328,104.974552287
7330,77.9060373519
7334,95.1369861623
7337,106.9803626985
7338,95.7404806115
7339,93.6781253033
7341,93.1311757508
7342,106.9803626985
7344,107.2863560042
7345,106.9803626985
7347,108.1194169705
7349,105.9086802858
7350,95.1369861623
7353,106.6380773284
7355,106.8266003578
7356,93.7454558785
7357,107.2710052802
7358,95.006336339
7360,94.7806576934
7363,108.4122303029
7364,94.8834991967
7366,94.6024807298
7368,95.1188019571
7369,105.8429943986
7370,93.121551636
7373,93.9773279754
7374,106.9700166326
7375,95.2648025044
7377,95.006336339
7379,92.8436945597
7380,113.837224585
7382,107.0952130059
7383,93.9773279754
7385,95.2648025044
7386,105.3205346901
7391,95.9745782965
7394,109.5722968641
7396,106.582737507
7397,95.1369861623
7399,95.006336339
7400,105.6537963509
7403,77.9060373519
7405,107.0271424295
7408,107.0952130059
7414,107.4656217985
7416,108.3568904816
7417,95.3626648079
7419,94.7806576934
7420,109.7639812842
7421,95.006336339
7422,94.8834991967
7423,108.4122303029
7425,77.9060373519
7430,94.6578205511
7432,95.0666235264
7433,99.9278654624
7434,106.9146768113
7436,109.24822518
7437,94.8931233115
7438,105.2651948687
7440,108.3568904816
7441,94.8931233115
7442,107.2710052802
7445,107.0271424295
7446,104.974552287
7448,107.0271424295
7450,105.3631537692
7451,94.8931233115
7454,114.7296297292
7455,94.4900151117
7457,106.2920949253
7459,104.974552287
7462,93.4121942177
7464,94.8931233115
7465,106.7917871825
7466,93.4121942177
7467,105.8565018551
7469,106.9040084139
7472,94.6578205511
7473,107.0271424295
7479,95.1369861623
7480,105.3631537692
7484,107.4680088068
7491,94.8931233115
7494,108.7156036398
7495,95.2648025044
7501,112.7190430896
7503,94.6578205511
7504,105.3631537692
7505,95.1741417784
7508,106.6380773284
7509,92.9537461965
7510,77.9060373519
7511,107.8611350734
7515,95.1369861623
7516,106.2657098395
7517,94.8834991967
7518,105.9750672578
7519,94.8931233115
7521,95.49048115
7522,105.0298921084
7524,105.3462314799
7526,105.6537963509
7527,95.1741417784
7528,105.1527292506
7529,95.1188019571
7534,106.5359577761
7537,106.9544167
7538,94.0667267854
7540,94.9157666246
7541,106.6380773284
7545,105.9086802858
7551,112.2766239603
7553,94.8931233115
7554,104.8620866689
7555,94.8834991967
7561,106.6380773284
7562,93.6781253033
7564,94.8931233115
7565,108.9688039702
7566,95.006336339
7567,111.5312451299
7569,104.8620866689
7570,95.786055267
7571,112.2231231725
7572,93.2291346512
7574,105.7374739573
7578,106.9803626985
7579,93.9219881541
7586,95.1369861623
7587,78.5161806959
7590,94.8931233115
7593,107.0271424295
7594,99.3004357795
7595,95.006336339
7600,94.7806576934
7601,78.8085934223
7602,93.2662902674
7603,107.0062371834
7604,94.7806576934
7606,97.6141346786
7608,112.2766239603
7613,77.9060373519
7615,106.7918396691
7616,109.24822518
7617,113.3514466568
7618,95.1741417784
7619,105.3631537692
7622,99.0097931978
7623,105.1527292506
7624,95.1188019571
7625,105.3631537692
7626,94.8931233115
7627,105.2974678819
7628,78.0614052244
7631,105.4099335001
7632,105.3631537692
7633,95.3626648079
7634,114.8925646496
7635,93.3654144868
7636,106.9803626985
7637,106.9803626985
7639,94.7806576934
7640,77.9060373519
7644,107.2756876069
7645,93.2662902674
7648,105.3631537692
7649,94.8004029182
7650,105.9086802858
7652,106.7917871825
7653,93.5197772329
7655,93.6379694603
7659,106.3474347467
7662,94.72904856
7664,93.121551636
7666,95.1868725336
7668,94.7806576934
7669,111.4801483751
7670,95.440072864
7672,95.3038374825
7673,105.8429943986
7678,94.8931233115
7679,77.9613771733
7680,105.8856684477
7683,93.2443887782
7685,113.4655453921
7688,94.8931233115
7690,109.24822518
7692,94.8931233115
7693,95.1741417784
7695,106.9803626985
7696,95.2648025044
7698,93.6560570685
7699,106.9803626985
7702,93.1311757508
7703,106.9803626985
7704,94.8834991967
7707,107.8611350734
7713,77.9060373519
7715,104.974552287
7717,106.5359577761
7718,94.6578205511
7719,110.1253107958
7721,111.1895057934
7722,95.5596683345
7725,104.5661227114
7727,105.0298921084
7730,78.5683591266
7733,93.121551636
7735,104.8620866689
7740,106.9803626985
7741,107.0824822508
7742,93.3568543964
7744,107.3484133364
7747,95.2648025044
7750,77.9060373519
7752,106.3474347467
7754,107.3988216224
7756,105.692213883
7757,95.006336339
7758,105.6537963509
7760,105.8856684477
7761,95.006336339
7763,107.4126689855
7765,95.1369861623
7767,106.9803626985
7768,95.2648025044
7771,95.3626648079
7773,97.6694744999
7774,108.010735111
7776,108.7028728846
7779,94.8931233115
7783,93.1311757508
7786,110.7961926608
7787,94.7806576934
7789,94.8931233115
7791,95.1188019571
7793,95.2648025044
7794,106.9700166326
7795,93.6781253033
7799,77.9060373519
7800,106.7918396691
7802,95.1273620475
7805,106.7918396691
7807,104.8620866689
7808,95.49048115
7811,105.3631537692
7817,109.24822518
7818,105.3631537692
7819,94.8931233115
7822,94.7806576934
7823,107.0271424295
7825,107.5028205365
7828,93.0662118147
7832,93.2109504461
7833,77.9060373519
7834,107.2710052802
7835,94.8931233115
7837,95.006336339
7840,94.4069188331
7842,93.4548132968
7843,105.8429943986
7844,94.8931233115
7846,95.006336339
7850,94.4900151117
7853,107.2756876069
7855,112.2766239603
7858,94.8931233115
7863,106.3474347467
7865,107.2756876069
7866,92.7280675509
7868,93.2443887782
7869,106.582737507
7871,77.9060373519
7872,105.0298921084
7874,104.961897442
7877,106.4996412285
7878,93.2662902674
7879,107.0271424295
7881,93.6781253033
7883,94.9741599227
7885,104.974552287
7886,94.8931233115
7889,95.1868725336
7890,106.2657098395
7891,94.961193888
7893,94.8834991967
7894,108.6475330633
7896,105.9086802858
7898,105.1527292506
7901,95.2648025044
7902,108.1194169705
7904,106.6380773284
7905,94.6578205511
7906,115.4270700821
7909,94.8931233115
7910,105.1527292506
7913,93.7454558785
7918,107.2756876069
7919,93.121551636
7923,93.2291346512
7925,95.006336339
7927,93.3568543964
7930,94.8931233115
7932,94.8834991967
7933,93.5197772329
7935,94.8834991967
7939,105.1746307397
7942,112.7190430896
7943,111.3850046942
7945,108.3568904816
7946,95.1188019571
7948,95.2648025044
7949,107.0271424295
7950,93.3568543964
7951,106.9803626985
7955,105.0298921084
7959,94.8834991967
7960,106.9803626985
7961,95.1369861623
7962,105.0298921084
7964,112.59698699
7965,94.7156937573
7966,107.2756876069
7967,109.8346682141
7968,95.1741417784
7971,105.5643975408
7974,93.121551636
7976,110.2066130696
7978,106.2920949253
7982,106.9803626985
7983,94.8931233115
7984,105.3631537692
7986,93.4121942177
7989,107.0271424295
7991,108.1194169705
7992,106.2920949253
7993,92.9537461965
7994,107.2756876069
7995,93.2109504461
7997,95.1369861623
7998,105.3631537692
7999,109.24822518
8002,93.7454558785
8007,93.9773279754
8009,94.9461543537
8011,93.9773279754
8013,95.1315327123
8015,105.6537963509
8017,107.0097565213
8019,113.4655453921
8023,94.8931233115
8024,106.9803626985
8026,106.9544167
8027,97.6141346786
8029,95.1369861623
8030,107.2710052802
8031,93.9773279754
8033,94.8463435806
8035,95.1369861623
8036,106.7569845029
8039,105.3205346901
8042,93.2443887782
8044,93.5197772329
8046,78.5683591266
8048,107.6426844731
8049,94.6578205511
8050,105.6537963509
8053,94.6024807298
8054,97.8142131313
8059,94.7806576934
8061,93.6781253033
8062,105.9086802858
8064,106.1993228675
8066,105.5090577195
8067,94.6578205511
8068,95.1741417784
8070,95.1369861623
8071,107.2756876069
8072,93.0662118147
8076,97.9728478368
8080,93.1865155721
8081,106.9803626985
8084,102.1341115499
8087,107.0952130059
8089,93.5028549437
8090,113.837224585
8091,105.3631537692
8094,107.253619372
8100,93.1311757508
8101,95.006336339
8110,94.8834991967
8111,108.1194169705
8112,94.8834991967
8115,112.6037379462
8116,95.1369861623
8118,106.1993228675
8121,113.837224585
8125,106.582737507
8127,106.582737507
8128,93.121551636
8129,108.1194169705
8131,95.1334986582
8138,95.1741417784
8139,105.1527292506
8140,94.7806576934
8141,97.6694744999
8142,106.7364998478
8143,106.7918396691
8145,106.9544167
8146,97.8733482534
8148,107.4656217985
8153,106.6380773284
8154,93.1311757508
8155,106.9146768113
8161,94.8834991967
8162,107.0271424295
8163,92.9537461965
8166,106.2920949253
8168,106.6380773284
8170,93.0662118147
8172,108.1194169705
8173,93.121551636
8176,105.3631537692
8179,94.6024807298
8181,95.006336339
8182,113.4655453921
8184,106.2920949253
8190,105.8856684477
8191,95.1998385683
8194,107.0952130059
8196,111.4333686442
8198,106.6380773284
8199,107.2756876069
8201,106.7154381308
8202,94.9133583171
8207,94.848394381
8208,108.2521175942
8211,106.7707779521
8214,107.4408029635
8217,94.7351813535
8218,106.9245402928
8222,95.0811637566
8229,106.2355842236
8231,94.1100285991
8233,95.3195731573
8236,95.0258239352
8238,107.1130633222
8240,104.9947872926
8243,109.165760243
8246,107.7753850969
8250,93.4895550201
8254,95.6923689582
8256,78.0387379757
8257,106.8692004715
8258,93.5705916313
8260,95.0258239352
8261,107.4847425152
8263,113.4393501521
8264,95.2237461236
8267,105.9756950223
8268,93.2542522597
8271,93.2542522597
8272,108.2521175942
8275,95.0938945117
8276,95.1390369627
8277,110.6296906124
8278,113.5982460158
8279,98.1055484605
8280,105.9756950223
8281,95.0258239352
8282,106.8692004715
8287,106.9593009815
8288,93.2542522597
8289,107.1130633222
8294,98.2375563367
8296,97.8021751237
8299,107.1130633222
8302,105.4958543929
8308,107.1869280968
8314,105.1625927321
8315,94.848394381
8316,111.6128489989
8317,94.1100285991
8319,106.4247955491
8320,93.377089402
8321,113.9699252087
8323,94.7905211749
8325,95.3068424022
8326,107.0871173237
8328,108.2521175942
8330,106.9245402928
8331,97.946913755
8332,107.7753850969
8334,95.3068424022
8338,93.0864468202
8339,95.0258239352
8341,97.8021751237
8345,107.4083882306
8346,95.1390369627
8347,105.9255144023
8349,95.2515025808
8351,95.0161998205
8352,106.9593009815
8353,108.2521175942
8355,106.4247955491
8358,109.3809258038
8359,106.9245402928
8360,94.1100285991
8361,106.5873888432
8363,105.1625927321
8364,95.269686786
8365,95.4953654316
8366,105.4958543929
8370,106.8692004715
8372,95.0161998205
8376,95.1390369627
8377,107.7031931154
8379,106.9245402928
8380,93.361835275
8381,107.1877172193
8386,93.1514107564
8388,104.9947872926
8389,95.3975031282
8391,107.1598430532
8394,95.6923689582
8396,105.4532353138
8398,105.1625927321
8400,106.9593009815
8401,97.8638174764
8404,97.8021751237
8407,95.0161998205
8408,106.0413809095
8409,108.2521175942
8410,106.216156984
8411,94.9133583171
8413,93.2542522597
8414,106.7154381308
8416,94.9133583171
